Copyright 1986-2022 Xilinx, Inc. All Rights Reserved. Copyright 2022-2025 Advanced Micro Devices, Inc. All Rights Reserved.
---------------------------------------------------------------------------------------------------------------------------------------------------------------------------------------------------------------------------------
| Tool Version : Vivado v.2025.2 (lin64) Build 6299465 Fri Nov 14 12:34:56 MST 2025
| Date         : Tue Apr 28 22:51:49 2026
| Host         : Arch running 64-bit unknown
| Command      : report_timing_summary -max_paths 10 -routable_nets -report_unconstrained -file vga_top_timing_summary_routed.rpt -pb vga_top_timing_summary_routed.pb -rpx vga_top_timing_summary_routed.rpx -warn_on_violation
| Design       : vga_top
| Device       : 7a50t-csg324
| Speed File   : -1  PRODUCTION 1.23 2018-06-13
| Design State : Routed
---------------------------------------------------------------------------------------------------------------------------------------------------------------------------------------------------------------------------------

Timing Summary Report

------------------------------------------------------------------------------------------------
| Timer Settings
| --------------
------------------------------------------------------------------------------------------------

  Enable Multi Corner Analysis               :  Yes
  Enable Pessimism Removal                   :  Yes
  Pessimism Removal Resolution               :  Nearest Common Node
  Enable Input Delay Default Clock           :  No
  Enable Preset / Clear Arcs                 :  No
  Disable Flight Delays                      :  No
  Ignore I/O Paths                           :  No
  Timing Early Launch at Borrowing Latches   :  No
  Borrow Time for Max Delay Exceptions       :  Yes
  Merge Timing Exceptions                    :  Yes
  Inter-SLR Compensation                     :  Conservative

  Corner  Analyze    Analyze    
  Name    Max Paths  Min Paths  
  ------  ---------  ---------  
  Slow    Yes        Yes        
  Fast    Yes        Yes        


------------------------------------------------------------------------------------------------
| Report Methodology
| ------------------
------------------------------------------------------------------------------------------------

Rule       Severity  Description                    Violations  
---------  --------  -----------------------------  ----------  
TIMING-18  Warning   Missing input or output delay  19          

Note: This report is based on the most recent report_methodology run and may not be up-to-date. Run report_methodology on the current design for the latest report.



check_timing report

Table of Contents
-----------------
1. checking no_clock (0)
2. checking constant_clock (0)
3. checking pulse_width_clock (0)
4. checking unconstrained_internal_endpoints (0)
5. checking no_input_delay (5)
6. checking no_output_delay (14)
7. checking multiple_clock (0)
8. checking generated_clocks (0)
9. checking loops (0)
10. checking partial_input_delay (0)
11. checking partial_output_delay (0)
12. checking latch_loops (0)

1. checking no_clock (0)
------------------------
 There are 0 register/latch pins with no clock.


2. checking constant_clock (0)
------------------------------
 There are 0 register/latch pins with constant_clock.


3. checking pulse_width_clock (0)
---------------------------------
 There are 0 register/latch pins which need pulse_width check


4. checking unconstrained_internal_endpoints (0)
------------------------------------------------
 There are 0 pins that are not constrained for maximum delay.

 There are 0 pins that are not constrained for maximum delay due to constant clock.


5. checking no_input_delay (5)
------------------------------
 There are 5 input ports with no input delay specified. (HIGH)

 There are 0 input ports with no input delay but user has a false path constraint.


6. checking no_output_delay (14)
--------------------------------
 There are 14 ports with no output delay specified. (HIGH)

 There are 0 ports with no output delay but user has a false path constraint

 There are 0 ports with no output delay but with a timing clock defined on it or propagating through it


7. checking multiple_clock (0)
------------------------------
 There are 0 register/latch pins with multiple clocks.


8. checking generated_clocks (0)
--------------------------------
 There are 0 generated clocks that are not connected to a clock source.


9. checking loops (0)
---------------------
 There are 0 combinational loops in the design.


10. checking partial_input_delay (0)
------------------------------------
 There are 0 input ports with partial input delay specified.


11. checking partial_output_delay (0)
-------------------------------------
 There are 0 ports with partial output delay specified.


12. checking latch_loops (0)
----------------------------
 There are 0 combinational latch loops in the design through latch input



------------------------------------------------------------------------------------------------
| Design Timing Summary
| ---------------------
------------------------------------------------------------------------------------------------

    WNS(ns)      TNS(ns)  TNS Failing Endpoints  TNS Total Endpoints      WHS(ns)      THS(ns)  THS Failing Endpoints  THS Total Endpoints     WPWS(ns)     TPWS(ns)  TPWS Failing Endpoints  TPWS Total Endpoints  
    -------      -------  ---------------------  -------------------      -------      -------  ---------------------  -------------------     --------     --------  ----------------------  --------------------  
      5.490        0.000                      0                  140        0.191        0.000                      0                  140        4.500        0.000                       0                    86  


All user specified timing constraints are met.


------------------------------------------------------------------------------------------------
| Clock Summary
| -------------
------------------------------------------------------------------------------------------------

Clock        Waveform(ns)       Period(ns)      Frequency(MHz)
-----        ------------       ----------      --------------
sys_clk_pin  {0.000 5.000}      10.000          100.000         


------------------------------------------------------------------------------------------------
| Intra Clock Table
| -----------------
------------------------------------------------------------------------------------------------

Clock             WNS(ns)      TNS(ns)  TNS Failing Endpoints  TNS Total Endpoints      WHS(ns)      THS(ns)  THS Failing Endpoints  THS Total Endpoints     WPWS(ns)     TPWS(ns)  TPWS Failing Endpoints  TPWS Total Endpoints  
-----             -------      -------  ---------------------  -------------------      -------      -------  ---------------------  -------------------     --------     --------  ----------------------  --------------------  
sys_clk_pin         5.490        0.000                      0                  140        0.191        0.000                      0                  140        4.500        0.000                       0                    86  


------------------------------------------------------------------------------------------------
| Inter Clock Table
| -----------------
------------------------------------------------------------------------------------------------

From Clock    To Clock          WNS(ns)      TNS(ns)  TNS Failing Endpoints  TNS Total Endpoints      WHS(ns)      THS(ns)  THS Failing Endpoints  THS Total Endpoints  
----------    --------          -------      -------  ---------------------  -------------------      -------      -------  ---------------------  -------------------  


------------------------------------------------------------------------------------------------
| Other Path Groups Table
| -----------------------
------------------------------------------------------------------------------------------------

Path Group    From Clock    To Clock          WNS(ns)      TNS(ns)  TNS Failing Endpoints  TNS Total Endpoints      WHS(ns)      THS(ns)  THS Failing Endpoints  THS Total Endpoints  
----------    ----------    --------          -------      -------  ---------------------  -------------------      -------      -------  ---------------------  -------------------  


------------------------------------------------------------------------------------------------
| User Ignored Path Table
| -----------------------
------------------------------------------------------------------------------------------------

Path Group    From Clock    To Clock    
----------    ----------    --------    


------------------------------------------------------------------------------------------------
| Unconstrained Path Table
| ------------------------
------------------------------------------------------------------------------------------------

Path Group    From Clock    To Clock    
----------    ----------    --------    
(none)                                    
(none)        sys_clk_pin                 
(none)                      sys_clk_pin   


------------------------------------------------------------------------------------------------
| Timing Details
| --------------
------------------------------------------------------------------------------------------------


---------------------------------------------------------------------------------------------------
From Clock:  sys_clk_pin
  To Clock:  sys_clk_pin

Setup :            0  Failing Endpoints,  Worst Slack        5.490ns,  Total Violation        0.000ns
Hold  :            0  Failing Endpoints,  Worst Slack        0.191ns,  Total Violation        0.000ns
PW    :            0  Failing Endpoints,  Worst Slack        4.500ns,  Total Violation        0.000ns
---------------------------------------------------------------------------------------------------


Max Delay Paths
--------------------------------------------------------------------------------------
Slack (MET) :             5.490ns  (required time - arrival time)
  Source:                 fsm_0/y_reg_reg[4]/C
                            (rising edge-triggered cell FDPE clocked by sys_clk_pin  {rise@0.000ns fall@5.000ns period=10.000ns})
  Destination:            fsm_0/y_reg_reg[6]/D
                            (rising edge-triggered cell FDPE clocked by sys_clk_pin  {rise@0.000ns fall@5.000ns period=10.000ns})
  Path Group:             sys_clk_pin
  Path Type:              Setup (Max at Slow Process Corner)
  Requirement:            10.000ns  (sys_clk_pin rise@10.000ns - sys_clk_pin rise@0.000ns)
  Data Path Delay:        4.511ns  (logic 1.694ns (37.551%)  route 2.817ns (62.449%))
  Logic Levels:           5  (CARRY4=2 LUT2=1 LUT4=1 LUT6=1)
  Clock Path Skew:        -0.025ns (DCD - SCD + CPR)
    Destination Clock Delay (DCD):    4.875ns = ( 14.875 - 10.000 ) 
    Source Clock Delay      (SCD):    5.172ns
    Clock Pessimism Removal (CPR):    0.272ns
  Clock Uncertainty:      0.035ns  ((TSJ^2 + TIJ^2)^1/2 + DJ) / 2 + PE
    Total System Jitter     (TSJ):    0.071ns
    Total Input Jitter      (TIJ):    0.000ns
    Discrete Jitter          (DJ):    0.000ns
    Phase Error              (PE):    0.000ns

    Location             Delay type                Incr(ns)  Path(ns)    Netlist Resource(s)
  -------------------------------------------------------------------    -------------------
                         (clock sys_clk_pin rise edge)
                                                      0.000     0.000 r  
    E3                                                0.000     0.000 r  clk (IN)
                         net (fo=0)                   0.000     0.000    clk
    E3                   IBUF (Prop_ibuf_I_O)         1.489     1.489 r  clk_IBUF_inst/O
                         net (fo=1, routed)           1.967     3.455    clk_IBUF
    BUFGCTRL_X0Y16       BUFG (Prop_bufg_I_O)         0.096     3.551 r  clk_IBUF_BUFG_inst/O
                         net (fo=85, routed)          1.621     5.172    fsm_0/CLK
    SLICE_X4Y95          FDPE                                         r  fsm_0/y_reg_reg[4]/C
  -------------------------------------------------------------------    -------------------
    SLICE_X4Y95          FDPE (Prop_fdpe_C_Q)         0.456     5.628 f  fsm_0/y_reg_reg[4]/Q
                         net (fo=12, routed)          1.261     6.889    fsm_0/Q[4]
    SLICE_X0Y96          LUT4 (Prop_lut4_I0_O)        0.124     7.013 f  fsm_0/i__carry__0_i_10/O
                         net (fo=3, routed)           0.757     7.770    fsm_0/i__carry__0_i_10_n_0
    SLICE_X4Y97          LUT6 (Prop_lut6_I3_O)        0.124     7.894 r  fsm_0/y_reg[4]_i_2/O
                         net (fo=2, routed)           0.800     8.694    fsm_0/y_reg11_out
    SLICE_X4Y95          LUT2 (Prop_lut2_I1_O)        0.124     8.818 r  fsm_0/y_reg[4]_i_6/O
                         net (fo=1, routed)           0.000     8.818    fsm_0/y_reg[4]_i_6_n_0
    SLICE_X4Y95          CARRY4 (Prop_carry4_S[0]_CO[3])
                                                      0.532     9.350 r  fsm_0/y_reg_reg[4]_i_1/CO[3]
                         net (fo=1, routed)           0.000     9.350    fsm_0/y_reg_reg[4]_i_1_n_0
    SLICE_X4Y96          CARRY4 (Prop_carry4_CI_O[1])
                                                      0.334     9.684 r  fsm_0/y_reg_reg[8]_i_2/O[1]
                         net (fo=1, routed)           0.000     9.684    fsm_0/y_reg_reg[8]_i_2_n_6
    SLICE_X4Y96          FDPE                                         r  fsm_0/y_reg_reg[6]/D
  -------------------------------------------------------------------    -------------------

                         (clock sys_clk_pin rise edge)
                                                     10.000    10.000 r  
    E3                                                0.000    10.000 r  clk (IN)
                         net (fo=0)                   0.000    10.000    clk
    E3                   IBUF (Prop_ibuf_I_O)         1.418    11.418 r  clk_IBUF_inst/O
                         net (fo=1, routed)           1.862    13.280    clk_IBUF
    BUFGCTRL_X0Y16       BUFG (Prop_bufg_I_O)         0.091    13.371 r  clk_IBUF_BUFG_inst/O
                         net (fo=85, routed)          1.504    14.875    fsm_0/CLK
    SLICE_X4Y96          FDPE                                         r  fsm_0/y_reg_reg[6]/C
                         clock pessimism              0.272    15.147    
                         clock uncertainty           -0.035    15.112    
    SLICE_X4Y96          FDPE (Setup_fdpe_C_D)        0.062    15.174    fsm_0/y_reg_reg[6]
  -------------------------------------------------------------------
                         required time                         15.174    
                         arrival time                          -9.684    
  -------------------------------------------------------------------
                         slack                                  5.490    

Slack (MET) :             5.511ns  (required time - arrival time)
  Source:                 fsm_0/y_reg_reg[4]/C
                            (rising edge-triggered cell FDPE clocked by sys_clk_pin  {rise@0.000ns fall@5.000ns period=10.000ns})
  Destination:            fsm_0/y_reg_reg[8]/D
                            (rising edge-triggered cell FDCE clocked by sys_clk_pin  {rise@0.000ns fall@5.000ns period=10.000ns})
  Path Group:             sys_clk_pin
  Path Type:              Setup (Max at Slow Process Corner)
  Requirement:            10.000ns  (sys_clk_pin rise@10.000ns - sys_clk_pin rise@0.000ns)
  Data Path Delay:        4.490ns  (logic 1.673ns (37.259%)  route 2.817ns (62.741%))
  Logic Levels:           5  (CARRY4=2 LUT2=1 LUT4=1 LUT6=1)
  Clock Path Skew:        -0.025ns (DCD - SCD + CPR)
    Destination Clock Delay (DCD):    4.875ns = ( 14.875 - 10.000 ) 
    Source Clock Delay      (SCD):    5.172ns
    Clock Pessimism Removal (CPR):    0.272ns
  Clock Uncertainty:      0.035ns  ((TSJ^2 + TIJ^2)^1/2 + DJ) / 2 + PE
    Total System Jitter     (TSJ):    0.071ns
    Total Input Jitter      (TIJ):    0.000ns
    Discrete Jitter          (DJ):    0.000ns
    Phase Error              (PE):    0.000ns

    Location             Delay type                Incr(ns)  Path(ns)    Netlist Resource(s)
  -------------------------------------------------------------------    -------------------
                         (clock sys_clk_pin rise edge)
                                                      0.000     0.000 r  
    E3                                                0.000     0.000 r  clk (IN)
                         net (fo=0)                   0.000     0.000    clk
    E3                   IBUF (Prop_ibuf_I_O)         1.489     1.489 r  clk_IBUF_inst/O
                         net (fo=1, routed)           1.967     3.455    clk_IBUF
    BUFGCTRL_X0Y16       BUFG (Prop_bufg_I_O)         0.096     3.551 r  clk_IBUF_BUFG_inst/O
                         net (fo=85, routed)          1.621     5.172    fsm_0/CLK
    SLICE_X4Y95          FDPE                                         r  fsm_0/y_reg_reg[4]/C
  -------------------------------------------------------------------    -------------------
    SLICE_X4Y95          FDPE (Prop_fdpe_C_Q)         0.456     5.628 f  fsm_0/y_reg_reg[4]/Q
                         net (fo=12, routed)          1.261     6.889    fsm_0/Q[4]
    SLICE_X0Y96          LUT4 (Prop_lut4_I0_O)        0.124     7.013 f  fsm_0/i__carry__0_i_10/O
                         net (fo=3, routed)           0.757     7.770    fsm_0/i__carry__0_i_10_n_0
    SLICE_X4Y97          LUT6 (Prop_lut6_I3_O)        0.124     7.894 r  fsm_0/y_reg[4]_i_2/O
                         net (fo=2, routed)           0.800     8.694    fsm_0/y_reg11_out
    SLICE_X4Y95          LUT2 (Prop_lut2_I1_O)        0.124     8.818 r  fsm_0/y_reg[4]_i_6/O
                         net (fo=1, routed)           0.000     8.818    fsm_0/y_reg[4]_i_6_n_0
    SLICE_X4Y95          CARRY4 (Prop_carry4_S[0]_CO[3])
                                                      0.532     9.350 r  fsm_0/y_reg_reg[4]_i_1/CO[3]
                         net (fo=1, routed)           0.000     9.350    fsm_0/y_reg_reg[4]_i_1_n_0
    SLICE_X4Y96          CARRY4 (Prop_carry4_CI_O[3])
                                                      0.313     9.663 r  fsm_0/y_reg_reg[8]_i_2/O[3]
                         net (fo=1, routed)           0.000     9.663    fsm_0/y_reg_reg[8]_i_2_n_4
    SLICE_X4Y96          FDCE                                         r  fsm_0/y_reg_reg[8]/D
  -------------------------------------------------------------------    -------------------

                         (clock sys_clk_pin rise edge)
                                                     10.000    10.000 r  
    E3                                                0.000    10.000 r  clk (IN)
                         net (fo=0)                   0.000    10.000    clk
    E3                   IBUF (Prop_ibuf_I_O)         1.418    11.418 r  clk_IBUF_inst/O
                         net (fo=1, routed)           1.862    13.280    clk_IBUF
    BUFGCTRL_X0Y16       BUFG (Prop_bufg_I_O)         0.091    13.371 r  clk_IBUF_BUFG_inst/O
                         net (fo=85, routed)          1.504    14.875    fsm_0/CLK
    SLICE_X4Y96          FDCE                                         r  fsm_0/y_reg_reg[8]/C
                         clock pessimism              0.272    15.147    
                         clock uncertainty           -0.035    15.112    
    SLICE_X4Y96          FDCE (Setup_fdce_C_D)        0.062    15.174    fsm_0/y_reg_reg[8]
  -------------------------------------------------------------------
                         required time                         15.174    
                         arrival time                          -9.663    
  -------------------------------------------------------------------
                         slack                                  5.511    

Slack (MET) :             5.568ns  (required time - arrival time)
  Source:                 fsm_0/x_reg_reg[2]/C
                            (rising edge-triggered cell FDPE clocked by sys_clk_pin  {rise@0.000ns fall@5.000ns period=10.000ns})
  Destination:            fsm_0/x_reg_reg[0]/CE
                            (rising edge-triggered cell FDPE clocked by sys_clk_pin  {rise@0.000ns fall@5.000ns period=10.000ns})
  Path Group:             sys_clk_pin
  Path Type:              Setup (Max at Slow Process Corner)
  Requirement:            10.000ns  (sys_clk_pin rise@10.000ns - sys_clk_pin rise@0.000ns)
  Data Path Delay:        4.204ns  (logic 0.890ns (21.172%)  route 3.314ns (78.828%))
  Logic Levels:           3  (LUT4=1 LUT5=1 LUT6=1)
  Clock Path Skew:        -0.024ns (DCD - SCD + CPR)
    Destination Clock Delay (DCD):    4.875ns = ( 14.875 - 10.000 ) 
    Source Clock Delay      (SCD):    5.171ns
    Clock Pessimism Removal (CPR):    0.272ns
  Clock Uncertainty:      0.035ns  ((TSJ^2 + TIJ^2)^1/2 + DJ) / 2 + PE
    Total System Jitter     (TSJ):    0.071ns
    Total Input Jitter      (TIJ):    0.000ns
    Discrete Jitter          (DJ):    0.000ns
    Phase Error              (PE):    0.000ns

    Location             Delay type                Incr(ns)  Path(ns)    Netlist Resource(s)
  -------------------------------------------------------------------    -------------------
                         (clock sys_clk_pin rise edge)
                                                      0.000     0.000 r  
    E3                                                0.000     0.000 r  clk (IN)
                         net (fo=0)                   0.000     0.000    clk
    E3                   IBUF (Prop_ibuf_I_O)         1.489     1.489 r  clk_IBUF_inst/O
                         net (fo=1, routed)           1.967     3.455    clk_IBUF
    BUFGCTRL_X0Y16       BUFG (Prop_bufg_I_O)         0.096     3.551 r  clk_IBUF_BUFG_inst/O
                         net (fo=85, routed)          1.620     5.171    fsm_0/CLK
    SLICE_X6Y91          FDPE                                         r  fsm_0/x_reg_reg[2]/C
  -------------------------------------------------------------------    -------------------
    SLICE_X6Y91          FDPE (Prop_fdpe_C_Q)         0.518     5.689 r  fsm_0/x_reg_reg[2]/Q
                         net (fo=12, routed)          1.166     6.855    fsm_0/x_reg_reg[9]_0[2]
    SLICE_X7Y94          LUT6 (Prop_lut6_I2_O)        0.124     6.979 r  fsm_0/x_reg[9]_i_6/O
                         net (fo=1, routed)           0.843     7.822    fsm_0/x_reg[9]_i_6_n_0
    SLICE_X7Y93          LUT5 (Prop_lut5_I0_O)        0.124     7.946 r  fsm_0/x_reg[9]_i_4/O
                         net (fo=2, routed)           0.682     8.627    fsm_0/x_reg2
    SLICE_X7Y93          LUT4 (Prop_lut4_I1_O)        0.124     8.751 r  fsm_0/x_reg[9]_i_1/O
                         net (fo=10, routed)          0.624     9.375    fsm_0/x_reg[0]
    SLICE_X6Y93          FDPE                                         r  fsm_0/x_reg_reg[0]/CE
  -------------------------------------------------------------------    -------------------

                         (clock sys_clk_pin rise edge)
                                                     10.000    10.000 r  
    E3                                                0.000    10.000 r  clk (IN)
                         net (fo=0)                   0.000    10.000    clk
    E3                   IBUF (Prop_ibuf_I_O)         1.418    11.418 r  clk_IBUF_inst/O
                         net (fo=1, routed)           1.862    13.280    clk_IBUF
    BUFGCTRL_X0Y16       BUFG (Prop_bufg_I_O)         0.091    13.371 r  clk_IBUF_BUFG_inst/O
                         net (fo=85, routed)          1.504    14.875    fsm_0/CLK
    SLICE_X6Y93          FDPE                                         r  fsm_0/x_reg_reg[0]/C
                         clock pessimism              0.272    15.147    
                         clock uncertainty           -0.035    15.112    
    SLICE_X6Y93          FDPE (Setup_fdpe_C_CE)      -0.169    14.943    fsm_0/x_reg_reg[0]
  -------------------------------------------------------------------
                         required time                         14.943    
                         arrival time                          -9.375    
  -------------------------------------------------------------------
                         slack                                  5.568    

Slack (MET) :             5.568ns  (required time - arrival time)
  Source:                 fsm_0/x_reg_reg[2]/C
                            (rising edge-triggered cell FDPE clocked by sys_clk_pin  {rise@0.000ns fall@5.000ns period=10.000ns})
  Destination:            fsm_0/x_reg_reg[9]/CE
                            (rising edge-triggered cell FDCE clocked by sys_clk_pin  {rise@0.000ns fall@5.000ns period=10.000ns})
  Path Group:             sys_clk_pin
  Path Type:              Setup (Max at Slow Process Corner)
  Requirement:            10.000ns  (sys_clk_pin rise@10.000ns - sys_clk_pin rise@0.000ns)
  Data Path Delay:        4.204ns  (logic 0.890ns (21.172%)  route 3.314ns (78.828%))
  Logic Levels:           3  (LUT4=1 LUT5=1 LUT6=1)
  Clock Path Skew:        -0.024ns (DCD - SCD + CPR)
    Destination Clock Delay (DCD):    4.875ns = ( 14.875 - 10.000 ) 
    Source Clock Delay      (SCD):    5.171ns
    Clock Pessimism Removal (CPR):    0.272ns
  Clock Uncertainty:      0.035ns  ((TSJ^2 + TIJ^2)^1/2 + DJ) / 2 + PE
    Total System Jitter     (TSJ):    0.071ns
    Total Input Jitter      (TIJ):    0.000ns
    Discrete Jitter          (DJ):    0.000ns
    Phase Error              (PE):    0.000ns

    Location             Delay type                Incr(ns)  Path(ns)    Netlist Resource(s)
  -------------------------------------------------------------------    -------------------
                         (clock sys_clk_pin rise edge)
                                                      0.000     0.000 r  
    E3                                                0.000     0.000 r  clk (IN)
                         net (fo=0)                   0.000     0.000    clk
    E3                   IBUF (Prop_ibuf_I_O)         1.489     1.489 r  clk_IBUF_inst/O
                         net (fo=1, routed)           1.967     3.455    clk_IBUF
    BUFGCTRL_X0Y16       BUFG (Prop_bufg_I_O)         0.096     3.551 r  clk_IBUF_BUFG_inst/O
                         net (fo=85, routed)          1.620     5.171    fsm_0/CLK
    SLICE_X6Y91          FDPE                                         r  fsm_0/x_reg_reg[2]/C
  -------------------------------------------------------------------    -------------------
    SLICE_X6Y91          FDPE (Prop_fdpe_C_Q)         0.518     5.689 r  fsm_0/x_reg_reg[2]/Q
                         net (fo=12, routed)          1.166     6.855    fsm_0/x_reg_reg[9]_0[2]
    SLICE_X7Y94          LUT6 (Prop_lut6_I2_O)        0.124     6.979 r  fsm_0/x_reg[9]_i_6/O
                         net (fo=1, routed)           0.843     7.822    fsm_0/x_reg[9]_i_6_n_0
    SLICE_X7Y93          LUT5 (Prop_lut5_I0_O)        0.124     7.946 r  fsm_0/x_reg[9]_i_4/O
                         net (fo=2, routed)           0.682     8.627    fsm_0/x_reg2
    SLICE_X7Y93          LUT4 (Prop_lut4_I1_O)        0.124     8.751 r  fsm_0/x_reg[9]_i_1/O
                         net (fo=10, routed)          0.624     9.375    fsm_0/x_reg[0]
    SLICE_X6Y93          FDCE                                         r  fsm_0/x_reg_reg[9]/CE
  -------------------------------------------------------------------    -------------------

                         (clock sys_clk_pin rise edge)
                                                     10.000    10.000 r  
    E3                                                0.000    10.000 r  clk (IN)
                         net (fo=0)                   0.000    10.000    clk
    E3                   IBUF (Prop_ibuf_I_O)         1.418    11.418 r  clk_IBUF_inst/O
                         net (fo=1, routed)           1.862    13.280    clk_IBUF
    BUFGCTRL_X0Y16       BUFG (Prop_bufg_I_O)         0.091    13.371 r  clk_IBUF_BUFG_inst/O
                         net (fo=85, routed)          1.504    14.875    fsm_0/CLK
    SLICE_X6Y93          FDCE                                         r  fsm_0/x_reg_reg[9]/C
                         clock pessimism              0.272    15.147    
                         clock uncertainty           -0.035    15.112    
    SLICE_X6Y93          FDCE (Setup_fdce_C_CE)      -0.169    14.943    fsm_0/x_reg_reg[9]
  -------------------------------------------------------------------
                         required time                         14.943    
                         arrival time                          -9.375    
  -------------------------------------------------------------------
                         slack                                  5.568    

Slack (MET) :             5.586ns  (required time - arrival time)
  Source:                 fsm_0/y_reg_reg[4]/C
                            (rising edge-triggered cell FDPE clocked by sys_clk_pin  {rise@0.000ns fall@5.000ns period=10.000ns})
  Destination:            fsm_0/y_reg_reg[7]/D
                            (rising edge-triggered cell FDPE clocked by sys_clk_pin  {rise@0.000ns fall@5.000ns period=10.000ns})
  Path Group:             sys_clk_pin
  Path Type:              Setup (Max at Slow Process Corner)
  Requirement:            10.000ns  (sys_clk_pin rise@10.000ns - sys_clk_pin rise@0.000ns)
  Data Path Delay:        4.416ns  (logic 1.599ns (36.208%)  route 2.817ns (63.792%))
  Logic Levels:           5  (CARRY4=2 LUT2=1 LUT4=1 LUT6=1)
  Clock Path Skew:        -0.025ns (DCD - SCD + CPR)
    Destination Clock Delay (DCD):    4.875ns = ( 14.875 - 10.000 ) 
    Source Clock Delay      (SCD):    5.172ns
    Clock Pessimism Removal (CPR):    0.272ns
  Clock Uncertainty:      0.035ns  ((TSJ^2 + TIJ^2)^1/2 + DJ) / 2 + PE
    Total System Jitter     (TSJ):    0.071ns
    Total Input Jitter      (TIJ):    0.000ns
    Discrete Jitter          (DJ):    0.000ns
    Phase Error              (PE):    0.000ns

    Location             Delay type                Incr(ns)  Path(ns)    Netlist Resource(s)
  -------------------------------------------------------------------    -------------------
                         (clock sys_clk_pin rise edge)
                                                      0.000     0.000 r  
    E3                                                0.000     0.000 r  clk (IN)
                         net (fo=0)                   0.000     0.000    clk
    E3                   IBUF (Prop_ibuf_I_O)         1.489     1.489 r  clk_IBUF_inst/O
                         net (fo=1, routed)           1.967     3.455    clk_IBUF
    BUFGCTRL_X0Y16       BUFG (Prop_bufg_I_O)         0.096     3.551 r  clk_IBUF_BUFG_inst/O
                         net (fo=85, routed)          1.621     5.172    fsm_0/CLK
    SLICE_X4Y95          FDPE                                         r  fsm_0/y_reg_reg[4]/C
  -------------------------------------------------------------------    -------------------
    SLICE_X4Y95          FDPE (Prop_fdpe_C_Q)         0.456     5.628 f  fsm_0/y_reg_reg[4]/Q
                         net (fo=12, routed)          1.261     6.889    fsm_0/Q[4]
    SLICE_X0Y96          LUT4 (Prop_lut4_I0_O)        0.124     7.013 f  fsm_0/i__carry__0_i_10/O
                         net (fo=3, routed)           0.757     7.770    fsm_0/i__carry__0_i_10_n_0
    SLICE_X4Y97          LUT6 (Prop_lut6_I3_O)        0.124     7.894 r  fsm_0/y_reg[4]_i_2/O
                         net (fo=2, routed)           0.800     8.694    fsm_0/y_reg11_out
    SLICE_X4Y95          LUT2 (Prop_lut2_I1_O)        0.124     8.818 r  fsm_0/y_reg[4]_i_6/O
                         net (fo=1, routed)           0.000     8.818    fsm_0/y_reg[4]_i_6_n_0
    SLICE_X4Y95          CARRY4 (Prop_carry4_S[0]_CO[3])
                                                      0.532     9.350 r  fsm_0/y_reg_reg[4]_i_1/CO[3]
                         net (fo=1, routed)           0.000     9.350    fsm_0/y_reg_reg[4]_i_1_n_0
    SLICE_X4Y96          CARRY4 (Prop_carry4_CI_O[2])
                                                      0.239     9.589 r  fsm_0/y_reg_reg[8]_i_2/O[2]
                         net (fo=1, routed)           0.000     9.589    fsm_0/y_reg_reg[8]_i_2_n_5
    SLICE_X4Y96          FDPE                                         r  fsm_0/y_reg_reg[7]/D
  -------------------------------------------------------------------    -------------------

                         (clock sys_clk_pin rise edge)
                                                     10.000    10.000 r  
    E3                                                0.000    10.000 r  clk (IN)
                         net (fo=0)                   0.000    10.000    clk
    E3                   IBUF (Prop_ibuf_I_O)         1.418    11.418 r  clk_IBUF_inst/O
                         net (fo=1, routed)           1.862    13.280    clk_IBUF
    BUFGCTRL_X0Y16       BUFG (Prop_bufg_I_O)         0.091    13.371 r  clk_IBUF_BUFG_inst/O
                         net (fo=85, routed)          1.504    14.875    fsm_0/CLK
    SLICE_X4Y96          FDPE                                         r  fsm_0/y_reg_reg[7]/C
                         clock pessimism              0.272    15.147    
                         clock uncertainty           -0.035    15.112    
    SLICE_X4Y96          FDPE (Setup_fdpe_C_D)        0.062    15.174    fsm_0/y_reg_reg[7]
  -------------------------------------------------------------------
                         required time                         15.174    
                         arrival time                          -9.589    
  -------------------------------------------------------------------
                         slack                                  5.586    

Slack (MET) :             5.601ns  (required time - arrival time)
  Source:                 fsm_0/y_reg_reg[4]/C
                            (rising edge-triggered cell FDPE clocked by sys_clk_pin  {rise@0.000ns fall@5.000ns period=10.000ns})
  Destination:            fsm_0/y_reg_reg[5]/D
                            (rising edge-triggered cell FDCE clocked by sys_clk_pin  {rise@0.000ns fall@5.000ns period=10.000ns})
  Path Group:             sys_clk_pin
  Path Type:              Setup (Max at Slow Process Corner)
  Requirement:            10.000ns  (sys_clk_pin rise@10.000ns - sys_clk_pin rise@0.000ns)
  Data Path Delay:        4.400ns  (logic 1.583ns (35.976%)  route 2.817ns (64.024%))
  Logic Levels:           5  (CARRY4=2 LUT2=1 LUT4=1 LUT6=1)
  Clock Path Skew:        -0.025ns (DCD - SCD + CPR)
    Destination Clock Delay (DCD):    4.875ns = ( 14.875 - 10.000 ) 
    Source Clock Delay      (SCD):    5.172ns
    Clock Pessimism Removal (CPR):    0.272ns
  Clock Uncertainty:      0.035ns  ((TSJ^2 + TIJ^2)^1/2 + DJ) / 2 + PE
    Total System Jitter     (TSJ):    0.071ns
    Total Input Jitter      (TIJ):    0.000ns
    Discrete Jitter          (DJ):    0.000ns
    Phase Error              (PE):    0.000ns

    Location             Delay type                Incr(ns)  Path(ns)    Netlist Resource(s)
  -------------------------------------------------------------------    -------------------
                         (clock sys_clk_pin rise edge)
                                                      0.000     0.000 r  
    E3                                                0.000     0.000 r  clk (IN)
                         net (fo=0)                   0.000     0.000    clk
    E3                   IBUF (Prop_ibuf_I_O)         1.489     1.489 r  clk_IBUF_inst/O
                         net (fo=1, routed)           1.967     3.455    clk_IBUF
    BUFGCTRL_X0Y16       BUFG (Prop_bufg_I_O)         0.096     3.551 r  clk_IBUF_BUFG_inst/O
                         net (fo=85, routed)          1.621     5.172    fsm_0/CLK
    SLICE_X4Y95          FDPE                                         r  fsm_0/y_reg_reg[4]/C
  -------------------------------------------------------------------    -------------------
    SLICE_X4Y95          FDPE (Prop_fdpe_C_Q)         0.456     5.628 f  fsm_0/y_reg_reg[4]/Q
                         net (fo=12, routed)          1.261     6.889    fsm_0/Q[4]
    SLICE_X0Y96          LUT4 (Prop_lut4_I0_O)        0.124     7.013 f  fsm_0/i__carry__0_i_10/O
                         net (fo=3, routed)           0.757     7.770    fsm_0/i__carry__0_i_10_n_0
    SLICE_X4Y97          LUT6 (Prop_lut6_I3_O)        0.124     7.894 r  fsm_0/y_reg[4]_i_2/O
                         net (fo=2, routed)           0.800     8.694    fsm_0/y_reg11_out
    SLICE_X4Y95          LUT2 (Prop_lut2_I1_O)        0.124     8.818 r  fsm_0/y_reg[4]_i_6/O
                         net (fo=1, routed)           0.000     8.818    fsm_0/y_reg[4]_i_6_n_0
    SLICE_X4Y95          CARRY4 (Prop_carry4_S[0]_CO[3])
                                                      0.532     9.350 r  fsm_0/y_reg_reg[4]_i_1/CO[3]
                         net (fo=1, routed)           0.000     9.350    fsm_0/y_reg_reg[4]_i_1_n_0
    SLICE_X4Y96          CARRY4 (Prop_carry4_CI_O[0])
                                                      0.223     9.573 r  fsm_0/y_reg_reg[8]_i_2/O[0]
                         net (fo=1, routed)           0.000     9.573    fsm_0/y_reg_reg[8]_i_2_n_7
    SLICE_X4Y96          FDCE                                         r  fsm_0/y_reg_reg[5]/D
  -------------------------------------------------------------------    -------------------

                         (clock sys_clk_pin rise edge)
                                                     10.000    10.000 r  
    E3                                                0.000    10.000 r  clk (IN)
                         net (fo=0)                   0.000    10.000    clk
    E3                   IBUF (Prop_ibuf_I_O)         1.418    11.418 r  clk_IBUF_inst/O
                         net (fo=1, routed)           1.862    13.280    clk_IBUF
    BUFGCTRL_X0Y16       BUFG (Prop_bufg_I_O)         0.091    13.371 r  clk_IBUF_BUFG_inst/O
                         net (fo=85, routed)          1.504    14.875    fsm_0/CLK
    SLICE_X4Y96          FDCE                                         r  fsm_0/y_reg_reg[5]/C
                         clock pessimism              0.272    15.147    
                         clock uncertainty           -0.035    15.112    
    SLICE_X4Y96          FDCE (Setup_fdce_C_D)        0.062    15.174    fsm_0/y_reg_reg[5]
  -------------------------------------------------------------------
                         required time                         15.174    
                         arrival time                          -9.573    
  -------------------------------------------------------------------
                         slack                                  5.601    

Slack (MET) :             5.627ns  (required time - arrival time)
  Source:                 fsm_0/x_reg_reg[2]/C
                            (rising edge-triggered cell FDPE clocked by sys_clk_pin  {rise@0.000ns fall@5.000ns period=10.000ns})
  Destination:            fsm_0/x_reg_reg[9]/D
                            (rising edge-triggered cell FDCE clocked by sys_clk_pin  {rise@0.000ns fall@5.000ns period=10.000ns})
  Path Group:             sys_clk_pin
  Path Type:              Setup (Max at Slow Process Corner)
  Requirement:            10.000ns  (sys_clk_pin rise@10.000ns - sys_clk_pin rise@0.000ns)
  Data Path Delay:        4.422ns  (logic 1.739ns (39.324%)  route 2.683ns (60.676%))
  Logic Levels:           6  (CARRY4=3 LUT3=1 LUT5=1 LUT6=1)
  Clock Path Skew:        -0.024ns (DCD - SCD + CPR)
    Destination Clock Delay (DCD):    4.875ns = ( 14.875 - 10.000 ) 
    Source Clock Delay      (SCD):    5.171ns
    Clock Pessimism Removal (CPR):    0.272ns
  Clock Uncertainty:      0.035ns  ((TSJ^2 + TIJ^2)^1/2 + DJ) / 2 + PE
    Total System Jitter     (TSJ):    0.071ns
    Total Input Jitter      (TIJ):    0.000ns
    Discrete Jitter          (DJ):    0.000ns
    Phase Error              (PE):    0.000ns

    Location             Delay type                Incr(ns)  Path(ns)    Netlist Resource(s)
  -------------------------------------------------------------------    -------------------
                         (clock sys_clk_pin rise edge)
                                                      0.000     0.000 r  
    E3                                                0.000     0.000 r  clk (IN)
                         net (fo=0)                   0.000     0.000    clk
    E3                   IBUF (Prop_ibuf_I_O)         1.489     1.489 r  clk_IBUF_inst/O
                         net (fo=1, routed)           1.967     3.455    clk_IBUF
    BUFGCTRL_X0Y16       BUFG (Prop_bufg_I_O)         0.096     3.551 r  clk_IBUF_BUFG_inst/O
                         net (fo=85, routed)          1.620     5.171    fsm_0/CLK
    SLICE_X6Y91          FDPE                                         r  fsm_0/x_reg_reg[2]/C
  -------------------------------------------------------------------    -------------------
    SLICE_X6Y91          FDPE (Prop_fdpe_C_Q)         0.518     5.689 r  fsm_0/x_reg_reg[2]/Q
                         net (fo=12, routed)          1.166     6.855    fsm_0/x_reg_reg[9]_0[2]
    SLICE_X7Y94          LUT6 (Prop_lut6_I2_O)        0.124     6.979 r  fsm_0/x_reg[9]_i_6/O
                         net (fo=1, routed)           0.843     7.822    fsm_0/x_reg[9]_i_6_n_0
    SLICE_X7Y93          LUT5 (Prop_lut5_I0_O)        0.124     7.946 r  fsm_0/x_reg[9]_i_4/O
                         net (fo=2, routed)           0.675     8.621    fsm_0/x_reg2
    SLICE_X6Y91          LUT3 (Prop_lut3_I1_O)        0.124     8.745 r  fsm_0/x_reg[4]_i_6/O
                         net (fo=1, routed)           0.000     8.745    fsm_0/x_reg[4]_i_6_n_0
    SLICE_X6Y91          CARRY4 (Prop_carry4_S[0]_CO[3])
                                                      0.513     9.258 r  fsm_0/x_reg_reg[4]_i_1/CO[3]
                         net (fo=1, routed)           0.000     9.258    fsm_0/x_reg_reg[4]_i_1_n_0
    SLICE_X6Y92          CARRY4 (Prop_carry4_CI_CO[3])
                                                      0.117     9.375 r  fsm_0/x_reg_reg[8]_i_1/CO[3]
                         net (fo=1, routed)           0.000     9.375    fsm_0/x_reg_reg[8]_i_1_n_0
    SLICE_X6Y93          CARRY4 (Prop_carry4_CI_O[0])
                                                      0.219     9.594 r  fsm_0/x_reg_reg[9]_i_2/O[0]
                         net (fo=1, routed)           0.000     9.594    fsm_0/x_reg_reg[9]_i_2_n_7
    SLICE_X6Y93          FDCE                                         r  fsm_0/x_reg_reg[9]/D
  -------------------------------------------------------------------    -------------------

                         (clock sys_clk_pin rise edge)
                                                     10.000    10.000 r  
    E3                                                0.000    10.000 r  clk (IN)
                         net (fo=0)                   0.000    10.000    clk
    E3                   IBUF (Prop_ibuf_I_O)         1.418    11.418 r  clk_IBUF_inst/O
                         net (fo=1, routed)           1.862    13.280    clk_IBUF
    BUFGCTRL_X0Y16       BUFG (Prop_bufg_I_O)         0.091    13.371 r  clk_IBUF_BUFG_inst/O
                         net (fo=85, routed)          1.504    14.875    fsm_0/CLK
    SLICE_X6Y93          FDCE                                         r  fsm_0/x_reg_reg[9]/C
                         clock pessimism              0.272    15.147    
                         clock uncertainty           -0.035    15.112    
    SLICE_X6Y93          FDCE (Setup_fdce_C_D)        0.109    15.221    fsm_0/x_reg_reg[9]
  -------------------------------------------------------------------
                         required time                         15.221    
                         arrival time                          -9.594    
  -------------------------------------------------------------------
                         slack                                  5.627    

Slack (MET) :             5.639ns  (required time - arrival time)
  Source:                 fsm_0/x_reg_reg[2]/C
                            (rising edge-triggered cell FDPE clocked by sys_clk_pin  {rise@0.000ns fall@5.000ns period=10.000ns})
  Destination:            fsm_0/x_reg_reg[6]/D
                            (rising edge-triggered cell FDCE clocked by sys_clk_pin  {rise@0.000ns fall@5.000ns period=10.000ns})
  Path Group:             sys_clk_pin
  Path Type:              Setup (Max at Slow Process Corner)
  Requirement:            10.000ns  (sys_clk_pin rise@10.000ns - sys_clk_pin rise@0.000ns)
  Data Path Delay:        4.409ns  (logic 1.726ns (39.145%)  route 2.683ns (60.855%))
  Logic Levels:           5  (CARRY4=2 LUT3=1 LUT5=1 LUT6=1)
  Clock Path Skew:        -0.025ns (DCD - SCD + CPR)
    Destination Clock Delay (DCD):    4.874ns = ( 14.874 - 10.000 ) 
    Source Clock Delay      (SCD):    5.171ns
    Clock Pessimism Removal (CPR):    0.272ns
  Clock Uncertainty:      0.035ns  ((TSJ^2 + TIJ^2)^1/2 + DJ) / 2 + PE
    Total System Jitter     (TSJ):    0.071ns
    Total Input Jitter      (TIJ):    0.000ns
    Discrete Jitter          (DJ):    0.000ns
    Phase Error              (PE):    0.000ns

    Location             Delay type                Incr(ns)  Path(ns)    Netlist Resource(s)
  -------------------------------------------------------------------    -------------------
                         (clock sys_clk_pin rise edge)
                                                      0.000     0.000 r  
    E3                                                0.000     0.000 r  clk (IN)
                         net (fo=0)                   0.000     0.000    clk
    E3                   IBUF (Prop_ibuf_I_O)         1.489     1.489 r  clk_IBUF_inst/O
                         net (fo=1, routed)           1.967     3.455    clk_IBUF
    BUFGCTRL_X0Y16       BUFG (Prop_bufg_I_O)         0.096     3.551 r  clk_IBUF_BUFG_inst/O
                         net (fo=85, routed)          1.620     5.171    fsm_0/CLK
    SLICE_X6Y91          FDPE                                         r  fsm_0/x_reg_reg[2]/C
  -------------------------------------------------------------------    -------------------
    SLICE_X6Y91          FDPE (Prop_fdpe_C_Q)         0.518     5.689 r  fsm_0/x_reg_reg[2]/Q
                         net (fo=12, routed)          1.166     6.855    fsm_0/x_reg_reg[9]_0[2]
    SLICE_X7Y94          LUT6 (Prop_lut6_I2_O)        0.124     6.979 r  fsm_0/x_reg[9]_i_6/O
                         net (fo=1, routed)           0.843     7.822    fsm_0/x_reg[9]_i_6_n_0
    SLICE_X7Y93          LUT5 (Prop_lut5_I0_O)        0.124     7.946 r  fsm_0/x_reg[9]_i_4/O
                         net (fo=2, routed)           0.675     8.621    fsm_0/x_reg2
    SLICE_X6Y91          LUT3 (Prop_lut3_I1_O)        0.124     8.745 r  fsm_0/x_reg[4]_i_6/O
                         net (fo=1, routed)           0.000     8.745    fsm_0/x_reg[4]_i_6_n_0
    SLICE_X6Y91          CARRY4 (Prop_carry4_S[0]_CO[3])
                                                      0.513     9.258 r  fsm_0/x_reg_reg[4]_i_1/CO[3]
                         net (fo=1, routed)           0.000     9.258    fsm_0/x_reg_reg[4]_i_1_n_0
    SLICE_X6Y92          CARRY4 (Prop_carry4_CI_O[1])
                                                      0.323     9.581 r  fsm_0/x_reg_reg[8]_i_1/O[1]
                         net (fo=1, routed)           0.000     9.581    fsm_0/x_reg_reg[8]_i_1_n_6
    SLICE_X6Y92          FDCE                                         r  fsm_0/x_reg_reg[6]/D
  -------------------------------------------------------------------    -------------------

                         (clock sys_clk_pin rise edge)
                                                     10.000    10.000 r  
    E3                                                0.000    10.000 r  clk (IN)
                         net (fo=0)                   0.000    10.000    clk
    E3                   IBUF (Prop_ibuf_I_O)         1.418    11.418 r  clk_IBUF_inst/O
                         net (fo=1, routed)           1.862    13.280    clk_IBUF
    BUFGCTRL_X0Y16       BUFG (Prop_bufg_I_O)         0.091    13.371 r  clk_IBUF_BUFG_inst/O
                         net (fo=85, routed)          1.503    14.874    fsm_0/CLK
    SLICE_X6Y92          FDCE                                         r  fsm_0/x_reg_reg[6]/C
                         clock pessimism              0.272    15.146    
                         clock uncertainty           -0.035    15.111    
    SLICE_X6Y92          FDCE (Setup_fdce_C_D)        0.109    15.220    fsm_0/x_reg_reg[6]
  -------------------------------------------------------------------
                         required time                         15.220    
                         arrival time                          -9.581    
  -------------------------------------------------------------------
                         slack                                  5.639    

Slack (MET) :             5.647ns  (required time - arrival time)
  Source:                 fsm_0/x_reg_reg[2]/C
                            (rising edge-triggered cell FDPE clocked by sys_clk_pin  {rise@0.000ns fall@5.000ns period=10.000ns})
  Destination:            fsm_0/x_reg_reg[8]/D
                            (rising edge-triggered cell FDPE clocked by sys_clk_pin  {rise@0.000ns fall@5.000ns period=10.000ns})
  Path Group:             sys_clk_pin
  Path Type:              Setup (Max at Slow Process Corner)
  Requirement:            10.000ns  (sys_clk_pin rise@10.000ns - sys_clk_pin rise@0.000ns)
  Data Path Delay:        4.401ns  (logic 1.718ns (39.034%)  route 2.683ns (60.966%))
  Logic Levels:           5  (CARRY4=2 LUT3=1 LUT5=1 LUT6=1)
  Clock Path Skew:        -0.025ns (DCD - SCD + CPR)
    Destination Clock Delay (DCD):    4.874ns = ( 14.874 - 10.000 ) 
    Source Clock Delay      (SCD):    5.171ns
    Clock Pessimism Removal (CPR):    0.272ns
  Clock Uncertainty:      0.035ns  ((TSJ^2 + TIJ^2)^1/2 + DJ) / 2 + PE
    Total System Jitter     (TSJ):    0.071ns
    Total Input Jitter      (TIJ):    0.000ns
    Discrete Jitter          (DJ):    0.000ns
    Phase Error              (PE):    0.000ns

    Location             Delay type                Incr(ns)  Path(ns)    Netlist Resource(s)
  -------------------------------------------------------------------    -------------------
                         (clock sys_clk_pin rise edge)
                                                      0.000     0.000 r  
    E3                                                0.000     0.000 r  clk (IN)
                         net (fo=0)                   0.000     0.000    clk
    E3                   IBUF (Prop_ibuf_I_O)         1.489     1.489 r  clk_IBUF_inst/O
                         net (fo=1, routed)           1.967     3.455    clk_IBUF
    BUFGCTRL_X0Y16       BUFG (Prop_bufg_I_O)         0.096     3.551 r  clk_IBUF_BUFG_inst/O
                         net (fo=85, routed)          1.620     5.171    fsm_0/CLK
    SLICE_X6Y91          FDPE                                         r  fsm_0/x_reg_reg[2]/C
  -------------------------------------------------------------------    -------------------
    SLICE_X6Y91          FDPE (Prop_fdpe_C_Q)         0.518     5.689 r  fsm_0/x_reg_reg[2]/Q
                         net (fo=12, routed)          1.166     6.855    fsm_0/x_reg_reg[9]_0[2]
    SLICE_X7Y94          LUT6 (Prop_lut6_I2_O)        0.124     6.979 r  fsm_0/x_reg[9]_i_6/O
                         net (fo=1, routed)           0.843     7.822    fsm_0/x_reg[9]_i_6_n_0
    SLICE_X7Y93          LUT5 (Prop_lut5_I0_O)        0.124     7.946 r  fsm_0/x_reg[9]_i_4/O
                         net (fo=2, routed)           0.675     8.621    fsm_0/x_reg2
    SLICE_X6Y91          LUT3 (Prop_lut3_I1_O)        0.124     8.745 r  fsm_0/x_reg[4]_i_6/O
                         net (fo=1, routed)           0.000     8.745    fsm_0/x_reg[4]_i_6_n_0
    SLICE_X6Y91          CARRY4 (Prop_carry4_S[0]_CO[3])
                                                      0.513     9.258 r  fsm_0/x_reg_reg[4]_i_1/CO[3]
                         net (fo=1, routed)           0.000     9.258    fsm_0/x_reg_reg[4]_i_1_n_0
    SLICE_X6Y92          CARRY4 (Prop_carry4_CI_O[3])
                                                      0.315     9.573 r  fsm_0/x_reg_reg[8]_i_1/O[3]
                         net (fo=1, routed)           0.000     9.573    fsm_0/x_reg_reg[8]_i_1_n_4
    SLICE_X6Y92          FDPE                                         r  fsm_0/x_reg_reg[8]/D
  -------------------------------------------------------------------    -------------------

                         (clock sys_clk_pin rise edge)
                                                     10.000    10.000 r  
    E3                                                0.000    10.000 r  clk (IN)
                         net (fo=0)                   0.000    10.000    clk
    E3                   IBUF (Prop_ibuf_I_O)         1.418    11.418 r  clk_IBUF_inst/O
                         net (fo=1, routed)           1.862    13.280    clk_IBUF
    BUFGCTRL_X0Y16       BUFG (Prop_bufg_I_O)         0.091    13.371 r  clk_IBUF_BUFG_inst/O
                         net (fo=85, routed)          1.503    14.874    fsm_0/CLK
    SLICE_X6Y92          FDPE                                         r  fsm_0/x_reg_reg[8]/C
                         clock pessimism              0.272    15.146    
                         clock uncertainty           -0.035    15.111    
    SLICE_X6Y92          FDPE (Setup_fdpe_C_D)        0.109    15.220    fsm_0/x_reg_reg[8]
  -------------------------------------------------------------------
                         required time                         15.220    
                         arrival time                          -9.573    
  -------------------------------------------------------------------
                         slack                                  5.647    

Slack (MET) :             5.671ns  (required time - arrival time)
  Source:                 fsm_0/x_reg_reg[2]/C
                            (rising edge-triggered cell FDPE clocked by sys_clk_pin  {rise@0.000ns fall@5.000ns period=10.000ns})
  Destination:            fsm_0/x_reg_reg[1]/CE
                            (rising edge-triggered cell FDPE clocked by sys_clk_pin  {rise@0.000ns fall@5.000ns period=10.000ns})
  Path Group:             sys_clk_pin
  Path Type:              Setup (Max at Slow Process Corner)
  Requirement:            10.000ns  (sys_clk_pin rise@10.000ns - sys_clk_pin rise@0.000ns)
  Data Path Delay:        4.124ns  (logic 0.890ns (21.579%)  route 3.234ns (78.421%))
  Logic Levels:           3  (LUT4=1 LUT5=1 LUT6=1)
  Clock Path Skew:        0.000ns (DCD - SCD + CPR)
    Destination Clock Delay (DCD):    4.874ns = ( 14.874 - 10.000 ) 
    Source Clock Delay      (SCD):    5.171ns
    Clock Pessimism Removal (CPR):    0.297ns
  Clock Uncertainty:      0.035ns  ((TSJ^2 + TIJ^2)^1/2 + DJ) / 2 + PE
    Total System Jitter     (TSJ):    0.071ns
    Total Input Jitter      (TIJ):    0.000ns
    Discrete Jitter          (DJ):    0.000ns
    Phase Error              (PE):    0.000ns

    Location             Delay type                Incr(ns)  Path(ns)    Netlist Resource(s)
  -------------------------------------------------------------------    -------------------
                         (clock sys_clk_pin rise edge)
                                                      0.000     0.000 r  
    E3                                                0.000     0.000 r  clk (IN)
                         net (fo=0)                   0.000     0.000    clk
    E3                   IBUF (Prop_ibuf_I_O)         1.489     1.489 r  clk_IBUF_inst/O
                         net (fo=1, routed)           1.967     3.455    clk_IBUF
    BUFGCTRL_X0Y16       BUFG (Prop_bufg_I_O)         0.096     3.551 r  clk_IBUF_BUFG_inst/O
                         net (fo=85, routed)          1.620     5.171    fsm_0/CLK
    SLICE_X6Y91          FDPE                                         r  fsm_0/x_reg_reg[2]/C
  -------------------------------------------------------------------    -------------------
    SLICE_X6Y91          FDPE (Prop_fdpe_C_Q)         0.518     5.689 r  fsm_0/x_reg_reg[2]/Q
                         net (fo=12, routed)          1.166     6.855    fsm_0/x_reg_reg[9]_0[2]
    SLICE_X7Y94          LUT6 (Prop_lut6_I2_O)        0.124     6.979 r  fsm_0/x_reg[9]_i_6/O
                         net (fo=1, routed)           0.843     7.822    fsm_0/x_reg[9]_i_6_n_0
    SLICE_X7Y93          LUT5 (Prop_lut5_I0_O)        0.124     7.946 r  fsm_0/x_reg[9]_i_4/O
                         net (fo=2, routed)           0.682     8.627    fsm_0/x_reg2
    SLICE_X7Y93          LUT4 (Prop_lut4_I1_O)        0.124     8.751 r  fsm_0/x_reg[9]_i_1/O
                         net (fo=10, routed)          0.544     9.296    fsm_0/x_reg[0]
    SLICE_X6Y91          FDPE                                         r  fsm_0/x_reg_reg[1]/CE
  -------------------------------------------------------------------    -------------------

                         (clock sys_clk_pin rise edge)
                                                     10.000    10.000 r  
    E3                                                0.000    10.000 r  clk (IN)
                         net (fo=0)                   0.000    10.000    clk
    E3                   IBUF (Prop_ibuf_I_O)         1.418    11.418 r  clk_IBUF_inst/O
                         net (fo=1, routed)           1.862    13.280    clk_IBUF
    BUFGCTRL_X0Y16       BUFG (Prop_bufg_I_O)         0.091    13.371 r  clk_IBUF_BUFG_inst/O
                         net (fo=85, routed)          1.503    14.874    fsm_0/CLK
    SLICE_X6Y91          FDPE                                         r  fsm_0/x_reg_reg[1]/C
                         clock pessimism              0.297    15.171    
                         clock uncertainty           -0.035    15.136    
    SLICE_X6Y91          FDPE (Setup_fdpe_C_CE)      -0.169    14.967    fsm_0/x_reg_reg[1]
  -------------------------------------------------------------------
                         required time                         14.967    
                         arrival time                          -9.296    
  -------------------------------------------------------------------
                         slack                                  5.671    





Min Delay Paths
--------------------------------------------------------------------------------------
Slack (MET) :             0.191ns  (arrival time - required time)
  Source:                 deb_l/clock_0/sig_cnt_reg[0]/C
                            (rising edge-triggered cell FDRE clocked by sys_clk_pin  {rise@0.000ns fall@5.000ns period=10.000ns})
  Destination:            deb_l/clock_0/ce_reg/D
                            (rising edge-triggered cell FDRE clocked by sys_clk_pin  {rise@0.000ns fall@5.000ns period=10.000ns})
  Path Group:             sys_clk_pin
  Path Type:              Hold (Min at Fast Process Corner)
  Requirement:            0.000ns  (sys_clk_pin rise@0.000ns - sys_clk_pin rise@0.000ns)
  Data Path Delay:        0.270ns  (logic 0.141ns (52.204%)  route 0.129ns (47.796%))
  Logic Levels:           0  
  Clock Path Skew:        0.013ns (DCD - SCD - CPR)
    Destination Clock Delay (DCD):    2.017ns
    Source Clock Delay      (SCD):    1.501ns
    Clock Pessimism Removal (CPR):    0.502ns

    Location             Delay type                Incr(ns)  Path(ns)    Netlist Resource(s)
  -------------------------------------------------------------------    -------------------
                         (clock sys_clk_pin rise edge)
                                                      0.000     0.000 r  
    E3                                                0.000     0.000 r  clk (IN)
                         net (fo=0)                   0.000     0.000    clk
    E3                   IBUF (Prop_ibuf_I_O)         0.257     0.257 r  clk_IBUF_inst/O
                         net (fo=1, routed)           0.631     0.888    clk_IBUF
    BUFGCTRL_X0Y16       BUFG (Prop_bufg_I_O)         0.026     0.914 r  clk_IBUF_BUFG_inst/O
                         net (fo=85, routed)          0.588     1.501    deb_l/clock_0/CLK
    SLICE_X4Y90          FDRE                                         r  deb_l/clock_0/sig_cnt_reg[0]/C
  -------------------------------------------------------------------    -------------------
    SLICE_X4Y90          FDRE (Prop_fdre_C_Q)         0.141     1.642 r  deb_l/clock_0/sig_cnt_reg[0]/Q
                         net (fo=2, routed)           0.129     1.772    deb_l/clock_0/sig_cnt_reg_n_0_[0]
    SLICE_X5Y90          FDRE                                         r  deb_l/clock_0/ce_reg/D
  -------------------------------------------------------------------    -------------------

                         (clock sys_clk_pin rise edge)
                                                      0.000     0.000 r  
    E3                                                0.000     0.000 r  clk (IN)
                         net (fo=0)                   0.000     0.000    clk
    E3                   IBUF (Prop_ibuf_I_O)         0.445     0.445 r  clk_IBUF_inst/O
                         net (fo=1, routed)           0.685     1.129    clk_IBUF
    BUFGCTRL_X0Y16       BUFG (Prop_bufg_I_O)         0.029     1.158 r  clk_IBUF_BUFG_inst/O
                         net (fo=85, routed)          0.859     2.017    deb_l/clock_0/CLK
    SLICE_X5Y90          FDRE                                         r  deb_l/clock_0/ce_reg/C
                         clock pessimism             -0.502     1.514    
    SLICE_X5Y90          FDRE (Hold_fdre_C_D)         0.066     1.580    deb_l/clock_0/ce_reg
  -------------------------------------------------------------------
                         required time                         -1.580    
                         arrival time                           1.772    
  -------------------------------------------------------------------
                         slack                                  0.191    

Slack (MET) :             0.198ns  (arrival time - required time)
  Source:                 vga_sync_0/y_cnt_reg[8]/C
                            (rising edge-triggered cell FDRE clocked by sys_clk_pin  {rise@0.000ns fall@5.000ns period=10.000ns})
  Destination:            vga_sync_0/y_cnt_reg[9]/D
                            (rising edge-triggered cell FDRE clocked by sys_clk_pin  {rise@0.000ns fall@5.000ns period=10.000ns})
  Path Group:             sys_clk_pin
  Path Type:              Hold (Min at Fast Process Corner)
  Requirement:            0.000ns  (sys_clk_pin rise@0.000ns - sys_clk_pin rise@0.000ns)
  Data Path Delay:        0.319ns  (logic 0.246ns (77.156%)  route 0.073ns (22.844%))
  Logic Levels:           1  (LUT6=1)
  Clock Path Skew:        0.000ns (DCD - SCD - CPR)
    Destination Clock Delay (DCD):    2.020ns
    Source Clock Delay      (SCD):    1.504ns
    Clock Pessimism Removal (CPR):    0.515ns

    Location             Delay type                Incr(ns)  Path(ns)    Netlist Resource(s)
  -------------------------------------------------------------------    -------------------
                         (clock sys_clk_pin rise edge)
                                                      0.000     0.000 r  
    E3                                                0.000     0.000 r  clk (IN)
                         net (fo=0)                   0.000     0.000    clk
    E3                   IBUF (Prop_ibuf_I_O)         0.257     0.257 r  clk_IBUF_inst/O
                         net (fo=1, routed)           0.631     0.888    clk_IBUF
    BUFGCTRL_X0Y16       BUFG (Prop_bufg_I_O)         0.026     0.914 r  clk_IBUF_BUFG_inst/O
                         net (fo=85, routed)          0.591     1.504    vga_sync_0/CLK
    SLICE_X2Y94          FDRE                                         r  vga_sync_0/y_cnt_reg[8]/C
  -------------------------------------------------------------------    -------------------
    SLICE_X2Y94          FDRE (Prop_fdre_C_Q)         0.148     1.652 r  vga_sync_0/y_cnt_reg[8]/Q
                         net (fo=16, routed)          0.073     1.725    vga_sync_0/y_cnt_reg[8]_0[3]
    SLICE_X2Y94          LUT6 (Prop_lut6_I3_O)        0.098     1.823 r  vga_sync_0/y_cnt[9]_i_2/O
                         net (fo=1, routed)           0.000     1.823    vga_sync_0/y_cnt[9]
    SLICE_X2Y94          FDRE                                         r  vga_sync_0/y_cnt_reg[9]/D
  -------------------------------------------------------------------    -------------------

                         (clock sys_clk_pin rise edge)
                                                      0.000     0.000 r  
    E3                                                0.000     0.000 r  clk (IN)
                         net (fo=0)                   0.000     0.000    clk
    E3                   IBUF (Prop_ibuf_I_O)         0.445     0.445 r  clk_IBUF_inst/O
                         net (fo=1, routed)           0.685     1.129    clk_IBUF
    BUFGCTRL_X0Y16       BUFG (Prop_bufg_I_O)         0.029     1.158 r  clk_IBUF_BUFG_inst/O
                         net (fo=85, routed)          0.861     2.020    vga_sync_0/CLK
    SLICE_X2Y94          FDRE                                         r  vga_sync_0/y_cnt_reg[9]/C
                         clock pessimism             -0.515     1.504    
    SLICE_X2Y94          FDRE (Hold_fdre_C_D)         0.121     1.625    vga_sync_0/y_cnt_reg[9]
  -------------------------------------------------------------------
                         required time                         -1.625    
                         arrival time                           1.823    
  -------------------------------------------------------------------
                         slack                                  0.198    

Slack (MET) :             0.202ns  (arrival time - required time)
  Source:                 deb_u/clock_0/sig_cnt_reg[0]/C
                            (rising edge-triggered cell FDRE clocked by sys_clk_pin  {rise@0.000ns fall@5.000ns period=10.000ns})
  Destination:            deb_u/clock_0/ce_reg/D
                            (rising edge-triggered cell FDRE clocked by sys_clk_pin  {rise@0.000ns fall@5.000ns period=10.000ns})
  Path Group:             sys_clk_pin
  Path Type:              Hold (Min at Fast Process Corner)
  Requirement:            0.000ns  (sys_clk_pin rise@0.000ns - sys_clk_pin rise@0.000ns)
  Data Path Delay:        0.277ns  (logic 0.141ns (50.906%)  route 0.136ns (49.094%))
  Logic Levels:           0  
  Clock Path Skew:        0.000ns (DCD - SCD - CPR)
    Destination Clock Delay (DCD):    2.017ns
    Source Clock Delay      (SCD):    1.501ns
    Clock Pessimism Removal (CPR):    0.515ns

    Location             Delay type                Incr(ns)  Path(ns)    Netlist Resource(s)
  -------------------------------------------------------------------    -------------------
                         (clock sys_clk_pin rise edge)
                                                      0.000     0.000 r  
    E3                                                0.000     0.000 r  clk (IN)
                         net (fo=0)                   0.000     0.000    clk
    E3                   IBUF (Prop_ibuf_I_O)         0.257     0.257 r  clk_IBUF_inst/O
                         net (fo=1, routed)           0.631     0.888    clk_IBUF
    BUFGCTRL_X0Y16       BUFG (Prop_bufg_I_O)         0.026     0.914 r  clk_IBUF_BUFG_inst/O
                         net (fo=85, routed)          0.588     1.501    deb_u/clock_0/CLK
    SLICE_X4Y90          FDRE                                         r  deb_u/clock_0/sig_cnt_reg[0]/C
  -------------------------------------------------------------------    -------------------
    SLICE_X4Y90          FDRE (Prop_fdre_C_Q)         0.141     1.642 r  deb_u/clock_0/sig_cnt_reg[0]/Q
                         net (fo=2, routed)           0.136     1.778    deb_u/clock_0/sig_cnt_reg_n_0_[0]
    SLICE_X4Y90          FDRE                                         r  deb_u/clock_0/ce_reg/D
  -------------------------------------------------------------------    -------------------

                         (clock sys_clk_pin rise edge)
                                                      0.000     0.000 r  
    E3                                                0.000     0.000 r  clk (IN)
                         net (fo=0)                   0.000     0.000    clk
    E3                   IBUF (Prop_ibuf_I_O)         0.445     0.445 r  clk_IBUF_inst/O
                         net (fo=1, routed)           0.685     1.129    clk_IBUF
    BUFGCTRL_X0Y16       BUFG (Prop_bufg_I_O)         0.029     1.158 r  clk_IBUF_BUFG_inst/O
                         net (fo=85, routed)          0.859     2.017    deb_u/clock_0/CLK
    SLICE_X4Y90          FDRE                                         r  deb_u/clock_0/ce_reg/C
                         clock pessimism             -0.515     1.501    
    SLICE_X4Y90          FDRE (Hold_fdre_C_D)         0.075     1.576    deb_u/clock_0/ce_reg
  -------------------------------------------------------------------
                         required time                         -1.576    
                         arrival time                           1.778    
  -------------------------------------------------------------------
                         slack                                  0.202    

Slack (MET) :             0.209ns  (arrival time - required time)
  Source:                 deb_d/shift_reg_reg[0]/C
                            (rising edge-triggered cell FDRE clocked by sys_clk_pin  {rise@0.000ns fall@5.000ns period=10.000ns})
  Destination:            deb_d/shift_reg_reg[1]/D
                            (rising edge-triggered cell FDRE clocked by sys_clk_pin  {rise@0.000ns fall@5.000ns period=10.000ns})
  Path Group:             sys_clk_pin
  Path Type:              Hold (Min at Fast Process Corner)
  Requirement:            0.000ns  (sys_clk_pin rise@0.000ns - sys_clk_pin rise@0.000ns)
  Data Path Delay:        0.292ns  (logic 0.164ns (56.106%)  route 0.128ns (43.894%))
  Logic Levels:           0  
  Clock Path Skew:        0.013ns (DCD - SCD - CPR)
    Destination Clock Delay (DCD):    2.020ns
    Source Clock Delay      (SCD):    1.504ns
    Clock Pessimism Removal (CPR):    0.502ns

    Location             Delay type                Incr(ns)  Path(ns)    Netlist Resource(s)
  -------------------------------------------------------------------    -------------------
                         (clock sys_clk_pin rise edge)
                                                      0.000     0.000 r  
    E3                                                0.000     0.000 r  clk (IN)
                         net (fo=0)                   0.000     0.000    clk
    E3                   IBUF (Prop_ibuf_I_O)         0.257     0.257 r  clk_IBUF_inst/O
                         net (fo=1, routed)           0.631     0.888    clk_IBUF
    BUFGCTRL_X0Y16       BUFG (Prop_bufg_I_O)         0.026     0.914 r  clk_IBUF_BUFG_inst/O
                         net (fo=85, routed)          0.591     1.504    deb_d/CLK
    SLICE_X2Y96          FDRE                                         r  deb_d/shift_reg_reg[0]/C
  -------------------------------------------------------------------    -------------------
    SLICE_X2Y96          FDRE (Prop_fdre_C_Q)         0.164     1.668 r  deb_d/shift_reg_reg[0]/Q
                         net (fo=3, routed)           0.128     1.797    deb_d/shift_reg[0]
    SLICE_X3Y96          FDRE                                         r  deb_d/shift_reg_reg[1]/D
  -------------------------------------------------------------------    -------------------

                         (clock sys_clk_pin rise edge)
                                                      0.000     0.000 r  
    E3                                                0.000     0.000 r  clk (IN)
                         net (fo=0)                   0.000     0.000    clk
    E3                   IBUF (Prop_ibuf_I_O)         0.445     0.445 r  clk_IBUF_inst/O
                         net (fo=1, routed)           0.685     1.129    clk_IBUF
    BUFGCTRL_X0Y16       BUFG (Prop_bufg_I_O)         0.029     1.158 r  clk_IBUF_BUFG_inst/O
                         net (fo=85, routed)          0.861     2.020    deb_d/CLK
    SLICE_X3Y96          FDRE                                         r  deb_d/shift_reg_reg[1]/C
                         clock pessimism             -0.502     1.517    
    SLICE_X3Y96          FDRE (Hold_fdre_C_D)         0.070     1.587    deb_d/shift_reg_reg[1]
  -------------------------------------------------------------------
                         required time                         -1.587    
                         arrival time                           1.797    
  -------------------------------------------------------------------
                         slack                                  0.209    

Slack (MET) :             0.209ns  (arrival time - required time)
  Source:                 deb_r/shift_reg_reg[3]/C
                            (rising edge-triggered cell FDRE clocked by sys_clk_pin  {rise@0.000ns fall@5.000ns period=10.000ns})
  Destination:            deb_r/shift_reg_reg[4]/D
                            (rising edge-triggered cell FDRE clocked by sys_clk_pin  {rise@0.000ns fall@5.000ns period=10.000ns})
  Path Group:             sys_clk_pin
  Path Type:              Hold (Min at Fast Process Corner)
  Requirement:            0.000ns  (sys_clk_pin rise@0.000ns - sys_clk_pin rise@0.000ns)
  Data Path Delay:        0.292ns  (logic 0.164ns (56.094%)  route 0.128ns (43.906%))
  Logic Levels:           0  
  Clock Path Skew:        0.013ns (DCD - SCD - CPR)
    Destination Clock Delay (DCD):    2.018ns
    Source Clock Delay      (SCD):    1.502ns
    Clock Pessimism Removal (CPR):    0.502ns

    Location             Delay type                Incr(ns)  Path(ns)    Netlist Resource(s)
  -------------------------------------------------------------------    -------------------
                         (clock sys_clk_pin rise edge)
                                                      0.000     0.000 r  
    E3                                                0.000     0.000 r  clk (IN)
                         net (fo=0)                   0.000     0.000    clk
    E3                   IBUF (Prop_ibuf_I_O)         0.257     0.257 r  clk_IBUF_inst/O
                         net (fo=1, routed)           0.631     0.888    clk_IBUF
    BUFGCTRL_X0Y16       BUFG (Prop_bufg_I_O)         0.026     0.914 r  clk_IBUF_BUFG_inst/O
                         net (fo=85, routed)          0.589     1.502    deb_r/CLK
    SLICE_X6Y94          FDRE                                         r  deb_r/shift_reg_reg[3]/C
  -------------------------------------------------------------------    -------------------
    SLICE_X6Y94          FDRE (Prop_fdre_C_Q)         0.164     1.666 r  deb_r/shift_reg_reg[3]/Q
                         net (fo=3, routed)           0.128     1.795    deb_r/shift_reg[3]
    SLICE_X7Y94          FDRE                                         r  deb_r/shift_reg_reg[4]/D
  -------------------------------------------------------------------    -------------------

                         (clock sys_clk_pin rise edge)
                                                      0.000     0.000 r  
    E3                                                0.000     0.000 r  clk (IN)
                         net (fo=0)                   0.000     0.000    clk
    E3                   IBUF (Prop_ibuf_I_O)         0.445     0.445 r  clk_IBUF_inst/O
                         net (fo=1, routed)           0.685     1.129    clk_IBUF
    BUFGCTRL_X0Y16       BUFG (Prop_bufg_I_O)         0.029     1.158 r  clk_IBUF_BUFG_inst/O
                         net (fo=85, routed)          0.860     2.018    deb_r/CLK
    SLICE_X7Y94          FDRE                                         r  deb_r/shift_reg_reg[4]/C
                         clock pessimism             -0.502     1.515    
    SLICE_X7Y94          FDRE (Hold_fdre_C_D)         0.070     1.585    deb_r/shift_reg_reg[4]
  -------------------------------------------------------------------
                         required time                         -1.585    
                         arrival time                           1.795    
  -------------------------------------------------------------------
                         slack                                  0.209    

Slack (MET) :             0.219ns  (arrival time - required time)
  Source:                 deb_d/clock_0/sig_cnt_reg[0]/C
                            (rising edge-triggered cell FDRE clocked by sys_clk_pin  {rise@0.000ns fall@5.000ns period=10.000ns})
  Destination:            deb_d/clock_0/ce_reg/D
                            (rising edge-triggered cell FDRE clocked by sys_clk_pin  {rise@0.000ns fall@5.000ns period=10.000ns})
  Path Group:             sys_clk_pin
  Path Type:              Hold (Min at Fast Process Corner)
  Requirement:            0.000ns  (sys_clk_pin rise@0.000ns - sys_clk_pin rise@0.000ns)
  Data Path Delay:        0.305ns  (logic 0.141ns (46.193%)  route 0.164ns (53.807%))
  Logic Levels:           0  
  Clock Path Skew:        0.016ns (DCD - SCD - CPR)
    Destination Clock Delay (DCD):    2.018ns
    Source Clock Delay      (SCD):    1.502ns
    Clock Pessimism Removal (CPR):    0.499ns

    Location             Delay type                Incr(ns)  Path(ns)    Netlist Resource(s)
  -------------------------------------------------------------------    -------------------
                         (clock sys_clk_pin rise edge)
                                                      0.000     0.000 r  
    E3                                                0.000     0.000 r  clk (IN)
                         net (fo=0)                   0.000     0.000    clk
    E3                   IBUF (Prop_ibuf_I_O)         0.257     0.257 r  clk_IBUF_inst/O
                         net (fo=1, routed)           0.631     0.888    clk_IBUF
    BUFGCTRL_X0Y16       BUFG (Prop_bufg_I_O)         0.026     0.914 r  clk_IBUF_BUFG_inst/O
                         net (fo=85, routed)          0.589     1.502    deb_d/clock_0/CLK
    SLICE_X7Y95          FDRE                                         r  deb_d/clock_0/sig_cnt_reg[0]/C
  -------------------------------------------------------------------    -------------------
    SLICE_X7Y95          FDRE (Prop_fdre_C_Q)         0.141     1.643 r  deb_d/clock_0/sig_cnt_reg[0]/Q
                         net (fo=2, routed)           0.164     1.808    deb_d/clock_0/sig_cnt_reg_n_0_[0]
    SLICE_X5Y95          FDRE                                         r  deb_d/clock_0/ce_reg/D
  -------------------------------------------------------------------    -------------------

                         (clock sys_clk_pin rise edge)
                                                      0.000     0.000 r  
    E3                                                0.000     0.000 r  clk (IN)
                         net (fo=0)                   0.000     0.000    clk
    E3                   IBUF (Prop_ibuf_I_O)         0.445     0.445 r  clk_IBUF_inst/O
                         net (fo=1, routed)           0.685     1.129    clk_IBUF
    BUFGCTRL_X0Y16       BUFG (Prop_bufg_I_O)         0.029     1.158 r  clk_IBUF_BUFG_inst/O
                         net (fo=85, routed)          0.860     2.018    deb_d/clock_0/CLK
    SLICE_X5Y95          FDRE                                         r  deb_d/clock_0/ce_reg/C
                         clock pessimism             -0.499     1.518    
    SLICE_X5Y95          FDRE (Hold_fdre_C_D)         0.070     1.588    deb_d/clock_0/ce_reg
  -------------------------------------------------------------------
                         required time                         -1.588    
                         arrival time                           1.808    
  -------------------------------------------------------------------
                         slack                                  0.219    

Slack (MET) :             0.231ns  (arrival time - required time)
  Source:                 deb_d/sync1_reg/C
                            (rising edge-triggered cell FDRE clocked by sys_clk_pin  {rise@0.000ns fall@5.000ns period=10.000ns})
  Destination:            deb_d/shift_reg_reg[0]/D
                            (rising edge-triggered cell FDRE clocked by sys_clk_pin  {rise@0.000ns fall@5.000ns period=10.000ns})
  Path Group:             sys_clk_pin
  Path Type:              Hold (Min at Fast Process Corner)
  Requirement:            0.000ns  (sys_clk_pin rise@0.000ns - sys_clk_pin rise@0.000ns)
  Data Path Delay:        0.355ns  (logic 0.141ns (39.727%)  route 0.214ns (60.273%))
  Logic Levels:           0  
  Clock Path Skew:        0.039ns (DCD - SCD - CPR)
    Destination Clock Delay (DCD):    2.020ns
    Source Clock Delay      (SCD):    1.502ns
    Clock Pessimism Removal (CPR):    0.478ns

    Location             Delay type                Incr(ns)  Path(ns)    Netlist Resource(s)
  -------------------------------------------------------------------    -------------------
                         (clock sys_clk_pin rise edge)
                                                      0.000     0.000 r  
    E3                                                0.000     0.000 r  clk (IN)
                         net (fo=0)                   0.000     0.000    clk
    E3                   IBUF (Prop_ibuf_I_O)         0.257     0.257 r  clk_IBUF_inst/O
                         net (fo=1, routed)           0.631     0.888    clk_IBUF
    BUFGCTRL_X0Y16       BUFG (Prop_bufg_I_O)         0.026     0.914 r  clk_IBUF_BUFG_inst/O
                         net (fo=85, routed)          0.589     1.502    deb_d/CLK
    SLICE_X4Y93          FDRE                                         r  deb_d/sync1_reg/C
  -------------------------------------------------------------------    -------------------
    SLICE_X4Y93          FDRE (Prop_fdre_C_Q)         0.141     1.643 r  deb_d/sync1_reg/Q
                         net (fo=1, routed)           0.214     1.857    deb_d/sync1_reg_n_0
    SLICE_X2Y96          FDRE                                         r  deb_d/shift_reg_reg[0]/D
  -------------------------------------------------------------------    -------------------

                         (clock sys_clk_pin rise edge)
                                                      0.000     0.000 r  
    E3                                                0.000     0.000 r  clk (IN)
                         net (fo=0)                   0.000     0.000    clk
    E3                   IBUF (Prop_ibuf_I_O)         0.445     0.445 r  clk_IBUF_inst/O
                         net (fo=1, routed)           0.685     1.129    clk_IBUF
    BUFGCTRL_X0Y16       BUFG (Prop_bufg_I_O)         0.029     1.158 r  clk_IBUF_BUFG_inst/O
                         net (fo=85, routed)          0.861     2.020    deb_d/CLK
    SLICE_X2Y96          FDRE                                         r  deb_d/shift_reg_reg[0]/C
                         clock pessimism             -0.478     1.541    
    SLICE_X2Y96          FDRE (Hold_fdre_C_D)         0.085     1.626    deb_d/shift_reg_reg[0]
  -------------------------------------------------------------------
                         required time                         -1.626    
                         arrival time                           1.857    
  -------------------------------------------------------------------
                         slack                                  0.231    

Slack (MET) :             0.232ns  (arrival time - required time)
  Source:                 deb_d/sync0_reg/C
                            (rising edge-triggered cell FDRE clocked by sys_clk_pin  {rise@0.000ns fall@5.000ns period=10.000ns})
  Destination:            deb_d/sync1_reg/D
                            (rising edge-triggered cell FDRE clocked by sys_clk_pin  {rise@0.000ns fall@5.000ns period=10.000ns})
  Path Group:             sys_clk_pin
  Path Type:              Hold (Min at Fast Process Corner)
  Requirement:            0.000ns  (sys_clk_pin rise@0.000ns - sys_clk_pin rise@0.000ns)
  Data Path Delay:        0.319ns  (logic 0.141ns (44.201%)  route 0.178ns (55.799%))
  Logic Levels:           0  
  Clock Path Skew:        0.017ns (DCD - SCD - CPR)
    Destination Clock Delay (DCD):    2.018ns
    Source Clock Delay      (SCD):    1.501ns
    Clock Pessimism Removal (CPR):    0.499ns

    Location             Delay type                Incr(ns)  Path(ns)    Netlist Resource(s)
  -------------------------------------------------------------------    -------------------
                         (clock sys_clk_pin rise edge)
                                                      0.000     0.000 r  
    E3                                                0.000     0.000 r  clk (IN)
                         net (fo=0)                   0.000     0.000    clk
    E3                   IBUF (Prop_ibuf_I_O)         0.257     0.257 r  clk_IBUF_inst/O
                         net (fo=1, routed)           0.631     0.888    clk_IBUF
    BUFGCTRL_X0Y16       BUFG (Prop_bufg_I_O)         0.026     0.914 r  clk_IBUF_BUFG_inst/O
                         net (fo=85, routed)          0.588     1.501    deb_d/CLK
    SLICE_X5Y90          FDRE                                         r  deb_d/sync0_reg/C
  -------------------------------------------------------------------    -------------------
    SLICE_X5Y90          FDRE (Prop_fdre_C_Q)         0.141     1.642 r  deb_d/sync0_reg/Q
                         net (fo=1, routed)           0.178     1.820    deb_d/sync0_reg_n_0
    SLICE_X4Y93          FDRE                                         r  deb_d/sync1_reg/D
  -------------------------------------------------------------------    -------------------

                         (clock sys_clk_pin rise edge)
                                                      0.000     0.000 r  
    E3                                                0.000     0.000 r  clk (IN)
                         net (fo=0)                   0.000     0.000    clk
    E3                   IBUF (Prop_ibuf_I_O)         0.445     0.445 r  clk_IBUF_inst/O
                         net (fo=1, routed)           0.685     1.129    clk_IBUF
    BUFGCTRL_X0Y16       BUFG (Prop_bufg_I_O)         0.029     1.158 r  clk_IBUF_BUFG_inst/O
                         net (fo=85, routed)          0.860     2.018    deb_d/CLK
    SLICE_X4Y93          FDRE                                         r  deb_d/sync1_reg/C
                         clock pessimism             -0.499     1.518    
    SLICE_X4Y93          FDRE (Hold_fdre_C_D)         0.070     1.588    deb_d/sync1_reg
  -------------------------------------------------------------------
                         required time                         -1.588    
                         arrival time                           1.820    
  -------------------------------------------------------------------
                         slack                                  0.232    

Slack (MET) :             0.239ns  (arrival time - required time)
  Source:                 vga_sync_0/x_cnt_reg[9]/C
                            (rising edge-triggered cell FDRE clocked by sys_clk_pin  {rise@0.000ns fall@5.000ns period=10.000ns})
  Destination:            vga_sync_0/x_cnt_reg[8]/D
                            (rising edge-triggered cell FDRE clocked by sys_clk_pin  {rise@0.000ns fall@5.000ns period=10.000ns})
  Path Group:             sys_clk_pin
  Path Type:              Hold (Min at Fast Process Corner)
  Requirement:            0.000ns  (sys_clk_pin rise@0.000ns - sys_clk_pin rise@0.000ns)
  Data Path Delay:        0.348ns  (logic 0.186ns (53.521%)  route 0.162ns (46.479%))
  Logic Levels:           1  (LUT6=1)
  Clock Path Skew:        0.017ns (DCD - SCD - CPR)
    Destination Clock Delay (DCD):    2.018ns
    Source Clock Delay      (SCD):    1.501ns
    Clock Pessimism Removal (CPR):    0.499ns

    Location             Delay type                Incr(ns)  Path(ns)    Netlist Resource(s)
  -------------------------------------------------------------------    -------------------
                         (clock sys_clk_pin rise edge)
                                                      0.000     0.000 r  
    E3                                                0.000     0.000 r  clk (IN)
                         net (fo=0)                   0.000     0.000    clk
    E3                   IBUF (Prop_ibuf_I_O)         0.257     0.257 r  clk_IBUF_inst/O
                         net (fo=1, routed)           0.631     0.888    clk_IBUF
    BUFGCTRL_X0Y16       BUFG (Prop_bufg_I_O)         0.026     0.914 r  clk_IBUF_BUFG_inst/O
                         net (fo=85, routed)          0.588     1.501    vga_sync_0/CLK
    SLICE_X7Y92          FDRE                                         r  vga_sync_0/x_cnt_reg[9]/C
  -------------------------------------------------------------------    -------------------
    SLICE_X7Y92          FDRE (Prop_fdre_C_Q)         0.141     1.642 f  vga_sync_0/x_cnt_reg[9]/Q
                         net (fo=24, routed)          0.162     1.804    vga_sync_0/Q[4]
    SLICE_X7Y93          LUT6 (Prop_lut6_I4_O)        0.045     1.849 r  vga_sync_0/x_cnt[8]_i_1/O
                         net (fo=1, routed)           0.000     1.849    vga_sync_0/x_cnt_0[8]
    SLICE_X7Y93          FDRE                                         r  vga_sync_0/x_cnt_reg[8]/D
  -------------------------------------------------------------------    -------------------

                         (clock sys_clk_pin rise edge)
                                                      0.000     0.000 r  
    E3                                                0.000     0.000 r  clk (IN)
                         net (fo=0)                   0.000     0.000    clk
    E3                   IBUF (Prop_ibuf_I_O)         0.445     0.445 r  clk_IBUF_inst/O
                         net (fo=1, routed)           0.685     1.129    clk_IBUF
    BUFGCTRL_X0Y16       BUFG (Prop_bufg_I_O)         0.029     1.158 r  clk_IBUF_BUFG_inst/O
                         net (fo=85, routed)          0.860     2.018    vga_sync_0/CLK
    SLICE_X7Y93          FDRE                                         r  vga_sync_0/x_cnt_reg[8]/C
                         clock pessimism             -0.499     1.518    
    SLICE_X7Y93          FDRE (Hold_fdre_C_D)         0.092     1.610    vga_sync_0/x_cnt_reg[8]
  -------------------------------------------------------------------
                         required time                         -1.610    
                         arrival time                           1.849    
  -------------------------------------------------------------------
                         slack                                  0.239    

Slack (MET) :             0.240ns  (arrival time - required time)
  Source:                 deb_r/shift_reg_reg[1]/C
                            (rising edge-triggered cell FDRE clocked by sys_clk_pin  {rise@0.000ns fall@5.000ns period=10.000ns})
  Destination:            deb_r/shift_reg_reg[2]/D
                            (rising edge-triggered cell FDRE clocked by sys_clk_pin  {rise@0.000ns fall@5.000ns period=10.000ns})
  Path Group:             sys_clk_pin
  Path Type:              Hold (Min at Fast Process Corner)
  Requirement:            0.000ns  (sys_clk_pin rise@0.000ns - sys_clk_pin rise@0.000ns)
  Data Path Delay:        0.315ns  (logic 0.141ns (44.758%)  route 0.174ns (55.242%))
  Logic Levels:           0  
  Clock Path Skew:        0.016ns (DCD - SCD - CPR)
    Destination Clock Delay (DCD):    2.018ns
    Source Clock Delay      (SCD):    1.502ns
    Clock Pessimism Removal (CPR):    0.499ns

    Location             Delay type                Incr(ns)  Path(ns)    Netlist Resource(s)
  -------------------------------------------------------------------    -------------------
                         (clock sys_clk_pin rise edge)
                                                      0.000     0.000 r  
    E3                                                0.000     0.000 r  clk (IN)
                         net (fo=0)                   0.000     0.000    clk
    E3                   IBUF (Prop_ibuf_I_O)         0.257     0.257 r  clk_IBUF_inst/O
                         net (fo=1, routed)           0.631     0.888    clk_IBUF
    BUFGCTRL_X0Y16       BUFG (Prop_bufg_I_O)         0.026     0.914 r  clk_IBUF_BUFG_inst/O
                         net (fo=85, routed)          0.589     1.502    deb_r/CLK
    SLICE_X4Y94          FDRE                                         r  deb_r/shift_reg_reg[1]/C
  -------------------------------------------------------------------    -------------------
    SLICE_X4Y94          FDRE (Prop_fdre_C_Q)         0.141     1.643 r  deb_r/shift_reg_reg[1]/Q
                         net (fo=3, routed)           0.174     1.818    deb_r/shift_reg[1]
    SLICE_X6Y94          FDRE                                         r  deb_r/shift_reg_reg[2]/D
  -------------------------------------------------------------------    -------------------

                         (clock sys_clk_pin rise edge)
                                                      0.000     0.000 r  
    E3                                                0.000     0.000 r  clk (IN)
                         net (fo=0)                   0.000     0.000    clk
    E3                   IBUF (Prop_ibuf_I_O)         0.445     0.445 r  clk_IBUF_inst/O
                         net (fo=1, routed)           0.685     1.129    clk_IBUF
    BUFGCTRL_X0Y16       BUFG (Prop_bufg_I_O)         0.029     1.158 r  clk_IBUF_BUFG_inst/O
                         net (fo=85, routed)          0.860     2.018    deb_r/CLK
    SLICE_X6Y94          FDRE                                         r  deb_r/shift_reg_reg[2]/C
                         clock pessimism             -0.499     1.518    
    SLICE_X6Y94          FDRE (Hold_fdre_C_D)         0.059     1.577    deb_r/shift_reg_reg[2]
  -------------------------------------------------------------------
                         required time                         -1.577    
                         arrival time                           1.818    
  -------------------------------------------------------------------
                         slack                                  0.240    





Pulse Width Checks
--------------------------------------------------------------------------------------
Clock Name:         sys_clk_pin
Waveform(ns):       { 0.000 5.000 }
Period(ns):         10.000
Sources:            { clk }

Check Type        Corner  Lib Pin  Reference Pin  Required(ns)  Actual(ns)  Slack(ns)  Location        Pin
Min Period        n/a     BUFG/I   n/a            2.155         10.000      7.845      BUFGCTRL_X0Y16  clk_IBUF_BUFG_inst/I
Min Period        n/a     FDRE/C   n/a            1.000         10.000      9.000      SLICE_X4Y87     clk_en_0/ce_reg/C
Min Period        n/a     FDRE/C   n/a            1.000         10.000      9.000      SLICE_X3Y87     clk_en_0/sig_cnt_reg[0]/C
Min Period        n/a     FDRE/C   n/a            1.000         10.000      9.000      SLICE_X3Y87     clk_en_0/sig_cnt_reg[1]/C
Min Period        n/a     FDRE/C   n/a            1.000         10.000      9.000      SLICE_X5Y96     deb_d/debounced_reg/C
Min Period        n/a     FDRE/C   n/a            1.000         10.000      9.000      SLICE_X2Y96     deb_d/shift_reg_reg[0]/C
Min Period        n/a     FDRE/C   n/a            1.000         10.000      9.000      SLICE_X3Y96     deb_d/shift_reg_reg[1]/C
Min Period        n/a     FDRE/C   n/a            1.000         10.000      9.000      SLICE_X3Y96     deb_d/shift_reg_reg[2]/C
Min Period        n/a     FDRE/C   n/a            1.000         10.000      9.000      SLICE_X3Y96     deb_d/shift_reg_reg[3]/C
Min Period        n/a     FDRE/C   n/a            1.000         10.000      9.000      SLICE_X3Y96     deb_d/shift_reg_reg[4]/C
Low Pulse Width   Slow    FDRE/C   n/a            0.500         5.000       4.500      SLICE_X4Y87     clk_en_0/ce_reg/C
Low Pulse Width   Fast    FDRE/C   n/a            0.500         5.000       4.500      SLICE_X4Y87     clk_en_0/ce_reg/C
Low Pulse Width   Slow    FDRE/C   n/a            0.500         5.000       4.500      SLICE_X3Y87     clk_en_0/sig_cnt_reg[0]/C
Low Pulse Width   Fast    FDRE/C   n/a            0.500         5.000       4.500      SLICE_X3Y87     clk_en_0/sig_cnt_reg[0]/C
Low Pulse Width   Slow    FDRE/C   n/a            0.500         5.000       4.500      SLICE_X3Y87     clk_en_0/sig_cnt_reg[1]/C
Low Pulse Width   Fast    FDRE/C   n/a            0.500         5.000       4.500      SLICE_X3Y87     clk_en_0/sig_cnt_reg[1]/C
Low Pulse Width   Slow    FDRE/C   n/a            0.500         5.000       4.500      SLICE_X5Y96     deb_d/debounced_reg/C
Low Pulse Width   Fast    FDRE/C   n/a            0.500         5.000       4.500      SLICE_X5Y96     deb_d/debounced_reg/C
Low Pulse Width   Slow    FDRE/C   n/a            0.500         5.000       4.500      SLICE_X2Y96     deb_d/shift_reg_reg[0]/C
Low Pulse Width   Fast    FDRE/C   n/a            0.500         5.000       4.500      SLICE_X2Y96     deb_d/shift_reg_reg[0]/C
High Pulse Width  Slow    FDRE/C   n/a            0.500         5.000       4.500      SLICE_X4Y87     clk_en_0/ce_reg/C
High Pulse Width  Fast    FDRE/C   n/a            0.500         5.000       4.500      SLICE_X4Y87     clk_en_0/ce_reg/C
High Pulse Width  Slow    FDRE/C   n/a            0.500         5.000       4.500      SLICE_X3Y87     clk_en_0/sig_cnt_reg[0]/C
High Pulse Width  Fast    FDRE/C   n/a            0.500         5.000       4.500      SLICE_X3Y87     clk_en_0/sig_cnt_reg[0]/C
High Pulse Width  Slow    FDRE/C   n/a            0.500         5.000       4.500      SLICE_X3Y87     clk_en_0/sig_cnt_reg[1]/C
High Pulse Width  Fast    FDRE/C   n/a            0.500         5.000       4.500      SLICE_X3Y87     clk_en_0/sig_cnt_reg[1]/C
High Pulse Width  Slow    FDRE/C   n/a            0.500         5.000       4.500      SLICE_X5Y96     deb_d/debounced_reg/C
High Pulse Width  Fast    FDRE/C   n/a            0.500         5.000       4.500      SLICE_X5Y96     deb_d/debounced_reg/C
High Pulse Width  Slow    FDRE/C   n/a            0.500         5.000       4.500      SLICE_X2Y96     deb_d/shift_reg_reg[0]/C
High Pulse Width  Fast    FDRE/C   n/a            0.500         5.000       4.500      SLICE_X2Y96     deb_d/shift_reg_reg[0]/C



--------------------------------------------------------------------------------------
Path Group:  (none)
From Clock:  
  To Clock:  

Max Delay            12 Endpoints
Min Delay            12 Endpoints
--------------------------------------------------------------------------------------


Max Delay Paths
--------------------------------------------------------------------------------------
Slack:                    inf
  Source:                 sw[15]
                            (input port)
  Destination:            vga_r[0]
                            (output port)
  Path Group:             (none)
  Path Type:              Max at Slow Process Corner
  Data Path Delay:        14.045ns  (logic 5.539ns (39.438%)  route 8.506ns (60.562%))
  Logic Levels:           4  (IBUF=1 LUT5=1 LUT6=1 OBUF=1)

    Location             Delay type                Incr(ns)  Path(ns)    Netlist Resource(s)
  -------------------------------------------------------------------    -------------------
    V10                                               0.000     0.000 r  sw[15] (IN)
                         net (fo=0)                   0.000     0.000    sw[15]
    V10                  IBUF (Prop_ibuf_I_O)         1.494     1.494 r  sw_IBUF[15]_inst/O
                         net (fo=1, routed)           3.937     5.431    vga_sync_0/sw_IBUF[1]
    SLICE_X6Y95          LUT6 (Prop_lut6_I4_O)        0.124     5.555 r  vga_sync_0/vga_b_OBUF[3]_inst_i_1/O
                         net (fo=6, routed)           0.465     6.020    vga_sync_0/vga_b_OBUF[0]
    SLICE_X6Y95          LUT5 (Prop_lut5_I4_O)        0.150     6.170 r  vga_sync_0/vga_r_OBUF[3]_inst_i_1/O
                         net (fo=4, routed)           4.104    10.274    vga_r_OBUF[0]
    A3                   OBUF (Prop_obuf_I_O)         3.771    14.045 r  vga_r_OBUF[0]_inst/O
                         net (fo=0)                   0.000    14.045    vga_r[0]
    A3                                                                r  vga_r[0] (OUT)
  -------------------------------------------------------------------    -------------------

Slack:                    inf
  Source:                 sw[15]
                            (input port)
  Destination:            vga_r[3]
                            (output port)
  Path Group:             (none)
  Path Type:              Max at Slow Process Corner
  Data Path Delay:        13.899ns  (logic 5.533ns (39.810%)  route 8.366ns (60.190%))
  Logic Levels:           4  (IBUF=1 LUT5=1 LUT6=1 OBUF=1)

    Location             Delay type                Incr(ns)  Path(ns)    Netlist Resource(s)
  -------------------------------------------------------------------    -------------------
    V10                                               0.000     0.000 r  sw[15] (IN)
                         net (fo=0)                   0.000     0.000    sw[15]
    V10                  IBUF (Prop_ibuf_I_O)         1.494     1.494 r  sw_IBUF[15]_inst/O
                         net (fo=1, routed)           3.937     5.431    vga_sync_0/sw_IBUF[1]
    SLICE_X6Y95          LUT6 (Prop_lut6_I4_O)        0.124     5.555 r  vga_sync_0/vga_b_OBUF[3]_inst_i_1/O
                         net (fo=6, routed)           0.465     6.020    vga_sync_0/vga_b_OBUF[0]
    SLICE_X6Y95          LUT5 (Prop_lut5_I4_O)        0.150     6.170 r  vga_sync_0/vga_r_OBUF[3]_inst_i_1/O
                         net (fo=4, routed)           3.964    10.134    vga_r_OBUF[0]
    A4                   OBUF (Prop_obuf_I_O)         3.765    13.899 r  vga_r_OBUF[3]_inst/O
                         net (fo=0)                   0.000    13.899    vga_r[3]
    A4                                                                r  vga_r[3] (OUT)
  -------------------------------------------------------------------    -------------------

Slack:                    inf
  Source:                 sw[15]
                            (input port)
  Destination:            vga_r[1]
                            (output port)
  Path Group:             (none)
  Path Type:              Max at Slow Process Corner
  Data Path Delay:        13.883ns  (logic 5.535ns (39.870%)  route 8.348ns (60.130%))
  Logic Levels:           4  (IBUF=1 LUT5=1 LUT6=1 OBUF=1)

    Location             Delay type                Incr(ns)  Path(ns)    Netlist Resource(s)
  -------------------------------------------------------------------    -------------------
    V10                                               0.000     0.000 r  sw[15] (IN)
                         net (fo=0)                   0.000     0.000    sw[15]
    V10                  IBUF (Prop_ibuf_I_O)         1.494     1.494 r  sw_IBUF[15]_inst/O
                         net (fo=1, routed)           3.937     5.431    vga_sync_0/sw_IBUF[1]
    SLICE_X6Y95          LUT6 (Prop_lut6_I4_O)        0.124     5.555 r  vga_sync_0/vga_b_OBUF[3]_inst_i_1/O
                         net (fo=6, routed)           0.465     6.020    vga_sync_0/vga_b_OBUF[0]
    SLICE_X6Y95          LUT5 (Prop_lut5_I4_O)        0.150     6.170 r  vga_sync_0/vga_r_OBUF[3]_inst_i_1/O
                         net (fo=4, routed)           3.946    10.116    vga_r_OBUF[0]
    B4                   OBUF (Prop_obuf_I_O)         3.767    13.883 r  vga_r_OBUF[1]_inst/O
                         net (fo=0)                   0.000    13.883    vga_r[1]
    B4                                                                r  vga_r[1] (OUT)
  -------------------------------------------------------------------    -------------------

Slack:                    inf
  Source:                 sw[15]
                            (input port)
  Destination:            vga_g[1]
                            (output port)
  Path Group:             (none)
  Path Type:              Max at Slow Process Corner
  Data Path Delay:        13.346ns  (logic 5.299ns (39.706%)  route 8.047ns (60.294%))
  Logic Levels:           4  (IBUF=1 LUT5=1 LUT6=1 OBUF=1)

    Location             Delay type                Incr(ns)  Path(ns)    Netlist Resource(s)
  -------------------------------------------------------------------    -------------------
    V10                                               0.000     0.000 r  sw[15] (IN)
                         net (fo=0)                   0.000     0.000    sw[15]
    V10                  IBUF (Prop_ibuf_I_O)         1.494     1.494 r  sw_IBUF[15]_inst/O
                         net (fo=1, routed)           3.937     5.431    vga_sync_0/sw_IBUF[1]
    SLICE_X6Y95          LUT6 (Prop_lut6_I4_O)        0.124     5.555 r  vga_sync_0/vga_b_OBUF[3]_inst_i_1/O
                         net (fo=6, routed)           0.465     6.020    vga_sync_0/vga_b_OBUF[0]
    SLICE_X6Y95          LUT5 (Prop_lut5_I4_O)        0.124     6.144 r  vga_sync_0/vga_g_OBUF[3]_inst_i_1/O
                         net (fo=4, routed)           3.645     9.789    vga_g_OBUF[0]
    A5                   OBUF (Prop_obuf_I_O)         3.557    13.346 r  vga_g_OBUF[1]_inst/O
                         net (fo=0)                   0.000    13.346    vga_g[1]
    A5                                                                r  vga_g[1] (OUT)
  -------------------------------------------------------------------    -------------------

Slack:                    inf
  Source:                 sw[15]
                            (input port)
  Destination:            vga_g[0]
                            (output port)
  Path Group:             (none)
  Path Type:              Max at Slow Process Corner
  Data Path Delay:        13.337ns  (logic 5.288ns (39.652%)  route 8.049ns (60.348%))
  Logic Levels:           4  (IBUF=1 LUT5=1 LUT6=1 OBUF=1)

    Location             Delay type                Incr(ns)  Path(ns)    Netlist Resource(s)
  -------------------------------------------------------------------    -------------------
    V10                                               0.000     0.000 r  sw[15] (IN)
                         net (fo=0)                   0.000     0.000    sw[15]
    V10                  IBUF (Prop_ibuf_I_O)         1.494     1.494 r  sw_IBUF[15]_inst/O
                         net (fo=1, routed)           3.937     5.431    vga_sync_0/sw_IBUF[1]
    SLICE_X6Y95          LUT6 (Prop_lut6_I4_O)        0.124     5.555 r  vga_sync_0/vga_b_OBUF[3]_inst_i_1/O
                         net (fo=6, routed)           0.465     6.020    vga_sync_0/vga_b_OBUF[0]
    SLICE_X6Y95          LUT5 (Prop_lut5_I4_O)        0.124     6.144 r  vga_sync_0/vga_g_OBUF[3]_inst_i_1/O
                         net (fo=4, routed)           3.647     9.791    vga_g_OBUF[0]
    C6                   OBUF (Prop_obuf_I_O)         3.546    13.337 r  vga_g_OBUF[0]_inst/O
                         net (fo=0)                   0.000    13.337    vga_g[0]
    C6                                                                r  vga_g[0] (OUT)
  -------------------------------------------------------------------    -------------------

Slack:                    inf
  Source:                 sw[15]
                            (input port)
  Destination:            vga_r[2]
                            (output port)
  Path Group:             (none)
  Path Type:              Max at Slow Process Corner
  Data Path Delay:        13.306ns  (logic 5.517ns (41.460%)  route 7.789ns (58.540%))
  Logic Levels:           4  (IBUF=1 LUT5=1 LUT6=1 OBUF=1)

    Location             Delay type                Incr(ns)  Path(ns)    Netlist Resource(s)
  -------------------------------------------------------------------    -------------------
    V10                                               0.000     0.000 r  sw[15] (IN)
                         net (fo=0)                   0.000     0.000    sw[15]
    V10                  IBUF (Prop_ibuf_I_O)         1.494     1.494 r  sw_IBUF[15]_inst/O
                         net (fo=1, routed)           3.937     5.431    vga_sync_0/sw_IBUF[1]
    SLICE_X6Y95          LUT6 (Prop_lut6_I4_O)        0.124     5.555 r  vga_sync_0/vga_b_OBUF[3]_inst_i_1/O
                         net (fo=6, routed)           0.465     6.020    vga_sync_0/vga_b_OBUF[0]
    SLICE_X6Y95          LUT5 (Prop_lut5_I4_O)        0.150     6.170 r  vga_sync_0/vga_r_OBUF[3]_inst_i_1/O
                         net (fo=4, routed)           3.387     9.558    vga_r_OBUF[0]
    C5                   OBUF (Prop_obuf_I_O)         3.748    13.306 r  vga_r_OBUF[2]_inst/O
                         net (fo=0)                   0.000    13.306    vga_r[2]
    C5                                                                r  vga_r[2] (OUT)
  -------------------------------------------------------------------    -------------------

Slack:                    inf
  Source:                 sw[15]
                            (input port)
  Destination:            vga_g[3]
                            (output port)
  Path Group:             (none)
  Path Type:              Max at Slow Process Corner
  Data Path Delay:        13.208ns  (logic 5.303ns (40.146%)  route 7.906ns (59.855%))
  Logic Levels:           4  (IBUF=1 LUT5=1 LUT6=1 OBUF=1)

    Location             Delay type                Incr(ns)  Path(ns)    Netlist Resource(s)
  -------------------------------------------------------------------    -------------------
    V10                                               0.000     0.000 r  sw[15] (IN)
                         net (fo=0)                   0.000     0.000    sw[15]
    V10                  IBUF (Prop_ibuf_I_O)         1.494     1.494 r  sw_IBUF[15]_inst/O
                         net (fo=1, routed)           3.937     5.431    vga_sync_0/sw_IBUF[1]
    SLICE_X6Y95          LUT6 (Prop_lut6_I4_O)        0.124     5.555 r  vga_sync_0/vga_b_OBUF[3]_inst_i_1/O
                         net (fo=6, routed)           0.465     6.020    vga_sync_0/vga_b_OBUF[0]
    SLICE_X6Y95          LUT5 (Prop_lut5_I4_O)        0.124     6.144 r  vga_sync_0/vga_g_OBUF[3]_inst_i_1/O
                         net (fo=4, routed)           3.504     9.648    vga_g_OBUF[0]
    A6                   OBUF (Prop_obuf_I_O)         3.560    13.208 r  vga_g_OBUF[3]_inst/O
                         net (fo=0)                   0.000    13.208    vga_g[3]
    A6                                                                r  vga_g[3] (OUT)
  -------------------------------------------------------------------    -------------------

Slack:                    inf
  Source:                 sw[15]
                            (input port)
  Destination:            vga_g[2]
                            (output port)
  Path Group:             (none)
  Path Type:              Max at Slow Process Corner
  Data Path Delay:        13.067ns  (logic 5.302ns (40.573%)  route 7.765ns (59.427%))
  Logic Levels:           4  (IBUF=1 LUT5=1 LUT6=1 OBUF=1)

    Location             Delay type                Incr(ns)  Path(ns)    Netlist Resource(s)
  -------------------------------------------------------------------    -------------------
    V10                                               0.000     0.000 r  sw[15] (IN)
                         net (fo=0)                   0.000     0.000    sw[15]
    V10                  IBUF (Prop_ibuf_I_O)         1.494     1.494 r  sw_IBUF[15]_inst/O
                         net (fo=1, routed)           3.937     5.431    vga_sync_0/sw_IBUF[1]
    SLICE_X6Y95          LUT6 (Prop_lut6_I4_O)        0.124     5.555 r  vga_sync_0/vga_b_OBUF[3]_inst_i_1/O
                         net (fo=6, routed)           0.465     6.020    vga_sync_0/vga_b_OBUF[0]
    SLICE_X6Y95          LUT5 (Prop_lut5_I4_O)        0.124     6.144 r  vga_sync_0/vga_g_OBUF[3]_inst_i_1/O
                         net (fo=4, routed)           3.363     9.508    vga_g_OBUF[0]
    B6                   OBUF (Prop_obuf_I_O)         3.559    13.067 r  vga_g_OBUF[2]_inst/O
                         net (fo=0)                   0.000    13.067    vga_g[2]
    B6                                                                r  vga_g[2] (OUT)
  -------------------------------------------------------------------    -------------------

Slack:                    inf
  Source:                 sw[15]
                            (input port)
  Destination:            vga_b[2]
                            (output port)
  Path Group:             (none)
  Path Type:              Max at Slow Process Corner
  Data Path Delay:        12.924ns  (logic 5.162ns (39.941%)  route 7.762ns (60.059%))
  Logic Levels:           3  (IBUF=1 LUT6=1 OBUF=1)

    Location             Delay type                Incr(ns)  Path(ns)    Netlist Resource(s)
  -------------------------------------------------------------------    -------------------
    V10                                               0.000     0.000 r  sw[15] (IN)
                         net (fo=0)                   0.000     0.000    sw[15]
    V10                  IBUF (Prop_ibuf_I_O)         1.494     1.494 r  sw_IBUF[15]_inst/O
                         net (fo=1, routed)           3.937     5.431    vga_sync_0/sw_IBUF[1]
    SLICE_X6Y95          LUT6 (Prop_lut6_I4_O)        0.124     5.555 r  vga_sync_0/vga_b_OBUF[3]_inst_i_1/O
                         net (fo=6, routed)           3.825     9.381    vga_b_OBUF[0]
    D7                   OBUF (Prop_obuf_I_O)         3.544    12.924 r  vga_b_OBUF[2]_inst/O
                         net (fo=0)                   0.000    12.924    vga_b[2]
    D7                                                                r  vga_b[2] (OUT)
  -------------------------------------------------------------------    -------------------

Slack:                    inf
  Source:                 sw[15]
                            (input port)
  Destination:            vga_b[1]
                            (output port)
  Path Group:             (none)
  Path Type:              Max at Slow Process Corner
  Data Path Delay:        12.651ns  (logic 5.177ns (40.917%)  route 7.475ns (59.083%))
  Logic Levels:           3  (IBUF=1 LUT6=1 OBUF=1)

    Location             Delay type                Incr(ns)  Path(ns)    Netlist Resource(s)
  -------------------------------------------------------------------    -------------------
    V10                                               0.000     0.000 r  sw[15] (IN)
                         net (fo=0)                   0.000     0.000    sw[15]
    V10                  IBUF (Prop_ibuf_I_O)         1.494     1.494 r  sw_IBUF[15]_inst/O
                         net (fo=1, routed)           3.937     5.431    vga_sync_0/sw_IBUF[1]
    SLICE_X6Y95          LUT6 (Prop_lut6_I4_O)        0.124     5.555 r  vga_sync_0/vga_b_OBUF[3]_inst_i_1/O
                         net (fo=6, routed)           3.538     9.093    vga_b_OBUF[0]
    C7                   OBUF (Prop_obuf_I_O)         3.558    12.651 r  vga_b_OBUF[1]_inst/O
                         net (fo=0)                   0.000    12.651    vga_b[1]
    C7                                                                r  vga_b[1] (OUT)
  -------------------------------------------------------------------    -------------------





Min Delay Paths
--------------------------------------------------------------------------------------
Slack:                    inf
  Source:                 sw[0]
                            (input port)
  Destination:            vga_g[2]
                            (output port)
  Path Group:             (none)
  Path Type:              Min at Fast Process Corner
  Data Path Delay:        3.873ns  (logic 1.564ns (40.370%)  route 2.310ns (59.630%))
  Logic Levels:           3  (IBUF=1 LUT5=1 OBUF=1)

    Location             Delay type                Incr(ns)  Path(ns)    Netlist Resource(s)
  -------------------------------------------------------------------    -------------------
    J15                                               0.000     0.000 f  sw[0] (IN)
                         net (fo=0)                   0.000     0.000    sw[0]
    J15                  IBUF (Prop_ibuf_I_O)         0.259     0.259 f  sw_IBUF[0]_inst/O
                         net (fo=2, routed)           1.124     1.383    vga_sync_0/sw_IBUF[0]
    SLICE_X6Y95          LUT5 (Prop_lut5_I1_O)        0.045     1.428 r  vga_sync_0/vga_g_OBUF[3]_inst_i_1/O
                         net (fo=4, routed)           1.185     2.613    vga_g_OBUF[0]
    B6                   OBUF (Prop_obuf_I_O)         1.260     3.873 r  vga_g_OBUF[2]_inst/O
                         net (fo=0)                   0.000     3.873    vga_g[2]
    B6                                                                r  vga_g[2] (OUT)
  -------------------------------------------------------------------    -------------------

Slack:                    inf
  Source:                 sw[0]
                            (input port)
  Destination:            vga_g[3]
                            (output port)
  Path Group:             (none)
  Path Type:              Min at Fast Process Corner
  Data Path Delay:        3.927ns  (logic 1.564ns (39.833%)  route 2.363ns (60.167%))
  Logic Levels:           3  (IBUF=1 LUT5=1 OBUF=1)

    Location             Delay type                Incr(ns)  Path(ns)    Netlist Resource(s)
  -------------------------------------------------------------------    -------------------
    J15                                               0.000     0.000 f  sw[0] (IN)
                         net (fo=0)                   0.000     0.000    sw[0]
    J15                  IBUF (Prop_ibuf_I_O)         0.259     0.259 f  sw_IBUF[0]_inst/O
                         net (fo=2, routed)           1.124     1.383    vga_sync_0/sw_IBUF[0]
    SLICE_X6Y95          LUT5 (Prop_lut5_I1_O)        0.045     1.428 r  vga_sync_0/vga_g_OBUF[3]_inst_i_1/O
                         net (fo=4, routed)           1.239     2.666    vga_g_OBUF[0]
    A6                   OBUF (Prop_obuf_I_O)         1.261     3.927 r  vga_g_OBUF[3]_inst/O
                         net (fo=0)                   0.000     3.927    vga_g[3]
    A6                                                                r  vga_g[3] (OUT)
  -------------------------------------------------------------------    -------------------

Slack:                    inf
  Source:                 sw[0]
                            (input port)
  Destination:            vga_r[2]
                            (output port)
  Path Group:             (none)
  Path Type:              Min at Fast Process Corner
  Data Path Delay:        3.932ns  (logic 1.613ns (41.012%)  route 2.319ns (58.988%))
  Logic Levels:           3  (IBUF=1 LUT5=1 OBUF=1)

    Location             Delay type                Incr(ns)  Path(ns)    Netlist Resource(s)
  -------------------------------------------------------------------    -------------------
    J15                                               0.000     0.000 r  sw[0] (IN)
                         net (fo=0)                   0.000     0.000    sw[0]
    J15                  IBUF (Prop_ibuf_I_O)         0.259     0.259 r  sw_IBUF[0]_inst/O
                         net (fo=2, routed)           1.124     1.383    vga_sync_0/sw_IBUF[0]
    SLICE_X6Y95          LUT5 (Prop_lut5_I1_O)        0.043     1.426 r  vga_sync_0/vga_r_OBUF[3]_inst_i_1/O
                         net (fo=4, routed)           1.195     2.621    vga_r_OBUF[0]
    C5                   OBUF (Prop_obuf_I_O)         1.311     3.932 r  vga_r_OBUF[2]_inst/O
                         net (fo=0)                   0.000     3.932    vga_r[2]
    C5                                                                r  vga_r[2] (OUT)
  -------------------------------------------------------------------    -------------------

Slack:                    inf
  Source:                 sw[0]
                            (input port)
  Destination:            vga_g[0]
                            (output port)
  Path Group:             (none)
  Path Type:              Min at Fast Process Corner
  Data Path Delay:        3.975ns  (logic 1.550ns (39.001%)  route 2.425ns (60.999%))
  Logic Levels:           3  (IBUF=1 LUT5=1 OBUF=1)

    Location             Delay type                Incr(ns)  Path(ns)    Netlist Resource(s)
  -------------------------------------------------------------------    -------------------
    J15                                               0.000     0.000 f  sw[0] (IN)
                         net (fo=0)                   0.000     0.000    sw[0]
    J15                  IBUF (Prop_ibuf_I_O)         0.259     0.259 f  sw_IBUF[0]_inst/O
                         net (fo=2, routed)           1.124     1.383    vga_sync_0/sw_IBUF[0]
    SLICE_X6Y95          LUT5 (Prop_lut5_I1_O)        0.045     1.428 r  vga_sync_0/vga_g_OBUF[3]_inst_i_1/O
                         net (fo=4, routed)           1.301     2.728    vga_g_OBUF[0]
    C6                   OBUF (Prop_obuf_I_O)         1.247     3.975 r  vga_g_OBUF[0]_inst/O
                         net (fo=0)                   0.000     3.975    vga_g[0]
    C6                                                                r  vga_g[0] (OUT)
  -------------------------------------------------------------------    -------------------

Slack:                    inf
  Source:                 sw[0]
                            (input port)
  Destination:            vga_g[1]
                            (output port)
  Path Group:             (none)
  Path Type:              Min at Fast Process Corner
  Data Path Delay:        3.978ns  (logic 1.561ns (39.242%)  route 2.417ns (60.758%))
  Logic Levels:           3  (IBUF=1 LUT5=1 OBUF=1)

    Location             Delay type                Incr(ns)  Path(ns)    Netlist Resource(s)
  -------------------------------------------------------------------    -------------------
    J15                                               0.000     0.000 f  sw[0] (IN)
                         net (fo=0)                   0.000     0.000    sw[0]
    J15                  IBUF (Prop_ibuf_I_O)         0.259     0.259 f  sw_IBUF[0]_inst/O
                         net (fo=2, routed)           1.124     1.383    vga_sync_0/sw_IBUF[0]
    SLICE_X6Y95          LUT5 (Prop_lut5_I1_O)        0.045     1.428 r  vga_sync_0/vga_g_OBUF[3]_inst_i_1/O
                         net (fo=4, routed)           1.293     2.720    vga_g_OBUF[0]
    A5                   OBUF (Prop_obuf_I_O)         1.257     3.978 r  vga_g_OBUF[1]_inst/O
                         net (fo=0)                   0.000     3.978    vga_g[1]
    A5                                                                r  vga_g[1] (OUT)
  -------------------------------------------------------------------    -------------------

Slack:                    inf
  Source:                 sw[0]
                            (input port)
  Destination:            vga_r[3]
                            (output port)
  Path Group:             (none)
  Path Type:              Min at Fast Process Corner
  Data Path Delay:        4.271ns  (logic 1.629ns (38.141%)  route 2.642ns (61.859%))
  Logic Levels:           3  (IBUF=1 LUT5=1 OBUF=1)

    Location             Delay type                Incr(ns)  Path(ns)    Netlist Resource(s)
  -------------------------------------------------------------------    -------------------
    J15                                               0.000     0.000 r  sw[0] (IN)
                         net (fo=0)                   0.000     0.000    sw[0]
    J15                  IBUF (Prop_ibuf_I_O)         0.259     0.259 r  sw_IBUF[0]_inst/O
                         net (fo=2, routed)           1.124     1.383    vga_sync_0/sw_IBUF[0]
    SLICE_X6Y95          LUT5 (Prop_lut5_I1_O)        0.043     1.426 r  vga_sync_0/vga_r_OBUF[3]_inst_i_1/O
                         net (fo=4, routed)           1.518     2.944    vga_r_OBUF[0]
    A4                   OBUF (Prop_obuf_I_O)         1.327     4.271 r  vga_r_OBUF[3]_inst/O
                         net (fo=0)                   0.000     4.271    vga_r[3]
    A4                                                                r  vga_r[3] (OUT)
  -------------------------------------------------------------------    -------------------

Slack:                    inf
  Source:                 sw[0]
                            (input port)
  Destination:            vga_r[1]
                            (output port)
  Path Group:             (none)
  Path Type:              Min at Fast Process Corner
  Data Path Delay:        4.275ns  (logic 1.631ns (38.153%)  route 2.644ns (61.847%))
  Logic Levels:           3  (IBUF=1 LUT5=1 OBUF=1)

    Location             Delay type                Incr(ns)  Path(ns)    Netlist Resource(s)
  -------------------------------------------------------------------    -------------------
    J15                                               0.000     0.000 r  sw[0] (IN)
                         net (fo=0)                   0.000     0.000    sw[0]
    J15                  IBUF (Prop_ibuf_I_O)         0.259     0.259 r  sw_IBUF[0]_inst/O
                         net (fo=2, routed)           1.124     1.383    vga_sync_0/sw_IBUF[0]
    SLICE_X6Y95          LUT5 (Prop_lut5_I1_O)        0.043     1.426 r  vga_sync_0/vga_r_OBUF[3]_inst_i_1/O
                         net (fo=4, routed)           1.520     2.945    vga_r_OBUF[0]
    B4                   OBUF (Prop_obuf_I_O)         1.329     4.275 r  vga_r_OBUF[1]_inst/O
                         net (fo=0)                   0.000     4.275    vga_r[1]
    B4                                                                r  vga_r[1] (OUT)
  -------------------------------------------------------------------    -------------------

Slack:                    inf
  Source:                 sw[0]
                            (input port)
  Destination:            vga_r[0]
                            (output port)
  Path Group:             (none)
  Path Type:              Min at Fast Process Corner
  Data Path Delay:        4.330ns  (logic 1.635ns (37.756%)  route 2.695ns (62.244%))
  Logic Levels:           3  (IBUF=1 LUT5=1 OBUF=1)

    Location             Delay type                Incr(ns)  Path(ns)    Netlist Resource(s)
  -------------------------------------------------------------------    -------------------
    J15                                               0.000     0.000 r  sw[0] (IN)
                         net (fo=0)                   0.000     0.000    sw[0]
    J15                  IBUF (Prop_ibuf_I_O)         0.259     0.259 r  sw_IBUF[0]_inst/O
                         net (fo=2, routed)           1.124     1.383    vga_sync_0/sw_IBUF[0]
    SLICE_X6Y95          LUT5 (Prop_lut5_I1_O)        0.043     1.426 r  vga_sync_0/vga_r_OBUF[3]_inst_i_1/O
                         net (fo=4, routed)           1.571     2.997    vga_r_OBUF[0]
    A3                   OBUF (Prop_obuf_I_O)         1.333     4.330 r  vga_r_OBUF[0]_inst/O
                         net (fo=0)                   0.000     4.330    vga_r[0]
    A3                                                                r  vga_r[0] (OUT)
  -------------------------------------------------------------------    -------------------

Slack:                    inf
  Source:                 sw[15]
                            (input port)
  Destination:            vga_b[0]
                            (output port)
  Path Group:             (none)
  Path Type:              Min at Fast Process Corner
  Data Path Delay:        4.450ns  (logic 1.568ns (35.245%)  route 2.882ns (64.755%))
  Logic Levels:           3  (IBUF=1 LUT6=1 OBUF=1)

    Location             Delay type                Incr(ns)  Path(ns)    Netlist Resource(s)
  -------------------------------------------------------------------    -------------------
    V10                                               0.000     0.000 r  sw[15] (IN)
                         net (fo=0)                   0.000     0.000    sw[15]
    V10                  IBUF (Prop_ibuf_I_O)         0.262     0.262 r  sw_IBUF[15]_inst/O
                         net (fo=1, routed)           1.753     2.015    vga_sync_0/sw_IBUF[1]
    SLICE_X6Y95          LUT6 (Prop_lut6_I4_O)        0.045     2.060 r  vga_sync_0/vga_b_OBUF[3]_inst_i_1/O
                         net (fo=6, routed)           1.129     3.189    vga_b_OBUF[0]
    B7                   OBUF (Prop_obuf_I_O)         1.261     4.450 r  vga_b_OBUF[0]_inst/O
                         net (fo=0)                   0.000     4.450    vga_b[0]
    B7                                                                r  vga_b[0] (OUT)
  -------------------------------------------------------------------    -------------------

Slack:                    inf
  Source:                 sw[15]
                            (input port)
  Destination:            vga_b[3]
                            (output port)
  Path Group:             (none)
  Path Type:              Min at Fast Process Corner
  Data Path Delay:        4.516ns  (logic 1.566ns (34.673%)  route 2.950ns (65.327%))
  Logic Levels:           3  (IBUF=1 LUT6=1 OBUF=1)

    Location             Delay type                Incr(ns)  Path(ns)    Netlist Resource(s)
  -------------------------------------------------------------------    -------------------
    V10                                               0.000     0.000 r  sw[15] (IN)
                         net (fo=0)                   0.000     0.000    sw[15]
    V10                  IBUF (Prop_ibuf_I_O)         0.262     0.262 r  sw_IBUF[15]_inst/O
                         net (fo=1, routed)           1.753     2.015    vga_sync_0/sw_IBUF[1]
    SLICE_X6Y95          LUT6 (Prop_lut6_I4_O)        0.045     2.060 r  vga_sync_0/vga_b_OBUF[3]_inst_i_1/O
                         net (fo=6, routed)           1.197     3.257    vga_b_OBUF[0]
    D8                   OBUF (Prop_obuf_I_O)         1.259     4.516 r  vga_b_OBUF[3]_inst/O
                         net (fo=0)                   0.000     4.516    vga_b[3]
    D8                                                                r  vga_b[3] (OUT)
  -------------------------------------------------------------------    -------------------





--------------------------------------------------------------------------------------
Path Group:  (none)
From Clock:  sys_clk_pin
  To Clock:  

Max Delay            14 Endpoints
Min Delay            14 Endpoints
--------------------------------------------------------------------------------------


Max Delay Paths
--------------------------------------------------------------------------------------
Slack:                    inf
  Source:                 vga_sync_0/y_cnt_reg[8]/C
                            (rising edge-triggered cell FDRE clocked by sys_clk_pin  {rise@0.000ns fall@5.000ns period=10.000ns})
  Destination:            vga_r[0]
                            (output port)
  Path Group:             (none)
  Path Type:              Max at Slow Process Corner
  Data Path Delay:        13.815ns  (logic 5.705ns (41.293%)  route 8.110ns (58.707%))
  Logic Levels:           7  (CARRY4=2 LUT4=2 LUT5=2 OBUF=1)
  Clock Uncertainty:      0.025ns  ((TSJ^2 + TIJ^2)^1/2 + DJ) / 2 + PE
    Total System Jitter     (TSJ):    0.050ns
    Total Input Jitter      (TIJ):    0.000ns
    Discrete Jitter          (DJ):    0.000ns
    Phase Error              (PE):    0.000ns

    Location             Delay type                Incr(ns)  Path(ns)    Netlist Resource(s)
  -------------------------------------------------------------------    -------------------
                         (clock sys_clk_pin rise edge)
                                                      0.000     0.000 r  
    E3                                                0.000     0.000 r  clk (IN)
                         net (fo=0)                   0.000     0.000    clk
    E3                   IBUF (Prop_ibuf_I_O)         1.489     1.489 r  clk_IBUF_inst/O
                         net (fo=1, routed)           1.967     3.455    clk_IBUF
    BUFGCTRL_X0Y16       BUFG (Prop_bufg_I_O)         0.096     3.551 r  clk_IBUF_BUFG_inst/O
                         net (fo=85, routed)          1.624     5.175    vga_sync_0/CLK
    SLICE_X2Y94          FDRE                                         r  vga_sync_0/y_cnt_reg[8]/C
  -------------------------------------------------------------------    -------------------
    SLICE_X2Y94          FDRE (Prop_fdre_C_Q)         0.478     5.653 f  vga_sync_0/y_cnt_reg[8]/Q
                         net (fo=16, routed)          1.173     6.827    vga_sync_0/y_cnt_reg[8]_0[3]
    SLICE_X0Y97          LUT5 (Prop_lut5_I2_O)        0.295     7.122 r  vga_sync_0/vga_r_OBUF[3]_inst_i_2/O
                         net (fo=19, routed)          1.053     8.175    vga_sync_0/video_on1__0
    SLICE_X1Y96          LUT4 (Prop_lut4_I1_O)        0.124     8.299 r  vga_sync_0/i__carry__0_i_5/O
                         net (fo=1, routed)           0.000     8.299    img_gen_0/_inferred__0/i__carry__1_1[3]
    SLICE_X1Y96          CARRY4 (Prop_carry4_S[3]_CO[3])
                                                      0.401     8.700 r  img_gen_0/_inferred__0/i__carry__0/CO[3]
                         net (fo=1, routed)           0.000     8.700    img_gen_0/_inferred__0/i__carry__0_n_0
    SLICE_X1Y97          CARRY4 (Prop_carry4_CI_CO[1])
                                                      0.157     8.857 f  img_gen_0/_inferred__0/i__carry__1/CO[1]
                         net (fo=2, routed)           1.100     9.957    vga_sync_0/vga_b[0]_1[0]
    SLICE_X6Y95          LUT4 (Prop_lut4_I3_O)        0.329    10.286 r  vga_sync_0/vga_r_OBUF[3]_inst_i_4/O
                         net (fo=2, routed)           0.680    10.966    vga_sync_0/vga_r_OBUF[3]_inst_i_4_n_0
    SLICE_X6Y95          LUT5 (Prop_lut5_I3_O)        0.150    11.116 r  vga_sync_0/vga_r_OBUF[3]_inst_i_1/O
                         net (fo=4, routed)           4.104    15.220    vga_r_OBUF[0]
    A3                   OBUF (Prop_obuf_I_O)         3.771    18.990 r  vga_r_OBUF[0]_inst/O
                         net (fo=0)                   0.000    18.990    vga_r[0]
    A3                                                                r  vga_r[0] (OUT)
  -------------------------------------------------------------------    -------------------

Slack:                    inf
  Source:                 vga_sync_0/y_cnt_reg[8]/C
                            (rising edge-triggered cell FDRE clocked by sys_clk_pin  {rise@0.000ns fall@5.000ns period=10.000ns})
  Destination:            vga_r[3]
                            (output port)
  Path Group:             (none)
  Path Type:              Max at Slow Process Corner
  Data Path Delay:        13.669ns  (logic 5.699ns (41.691%)  route 7.970ns (58.309%))
  Logic Levels:           7  (CARRY4=2 LUT4=2 LUT5=2 OBUF=1)
  Clock Uncertainty:      0.025ns  ((TSJ^2 + TIJ^2)^1/2 + DJ) / 2 + PE
    Total System Jitter     (TSJ):    0.050ns
    Total Input Jitter      (TIJ):    0.000ns
    Discrete Jitter          (DJ):    0.000ns
    Phase Error              (PE):    0.000ns

    Location             Delay type                Incr(ns)  Path(ns)    Netlist Resource(s)
  -------------------------------------------------------------------    -------------------
                         (clock sys_clk_pin rise edge)
                                                      0.000     0.000 r  
    E3                                                0.000     0.000 r  clk (IN)
                         net (fo=0)                   0.000     0.000    clk
    E3                   IBUF (Prop_ibuf_I_O)         1.489     1.489 r  clk_IBUF_inst/O
                         net (fo=1, routed)           1.967     3.455    clk_IBUF
    BUFGCTRL_X0Y16       BUFG (Prop_bufg_I_O)         0.096     3.551 r  clk_IBUF_BUFG_inst/O
                         net (fo=85, routed)          1.624     5.175    vga_sync_0/CLK
    SLICE_X2Y94          FDRE                                         r  vga_sync_0/y_cnt_reg[8]/C
  -------------------------------------------------------------------    -------------------
    SLICE_X2Y94          FDRE (Prop_fdre_C_Q)         0.478     5.653 f  vga_sync_0/y_cnt_reg[8]/Q
                         net (fo=16, routed)          1.173     6.827    vga_sync_0/y_cnt_reg[8]_0[3]
    SLICE_X0Y97          LUT5 (Prop_lut5_I2_O)        0.295     7.122 r  vga_sync_0/vga_r_OBUF[3]_inst_i_2/O
                         net (fo=19, routed)          1.053     8.175    vga_sync_0/video_on1__0
    SLICE_X1Y96          LUT4 (Prop_lut4_I1_O)        0.124     8.299 r  vga_sync_0/i__carry__0_i_5/O
                         net (fo=1, routed)           0.000     8.299    img_gen_0/_inferred__0/i__carry__1_1[3]
    SLICE_X1Y96          CARRY4 (Prop_carry4_S[3]_CO[3])
                                                      0.401     8.700 r  img_gen_0/_inferred__0/i__carry__0/CO[3]
                         net (fo=1, routed)           0.000     8.700    img_gen_0/_inferred__0/i__carry__0_n_0
    SLICE_X1Y97          CARRY4 (Prop_carry4_CI_CO[1])
                                                      0.157     8.857 f  img_gen_0/_inferred__0/i__carry__1/CO[1]
                         net (fo=2, routed)           1.100     9.957    vga_sync_0/vga_b[0]_1[0]
    SLICE_X6Y95          LUT4 (Prop_lut4_I3_O)        0.329    10.286 r  vga_sync_0/vga_r_OBUF[3]_inst_i_4/O
                         net (fo=2, routed)           0.680    10.966    vga_sync_0/vga_r_OBUF[3]_inst_i_4_n_0
    SLICE_X6Y95          LUT5 (Prop_lut5_I3_O)        0.150    11.116 r  vga_sync_0/vga_r_OBUF[3]_inst_i_1/O
                         net (fo=4, routed)           3.964    15.080    vga_r_OBUF[0]
    A4                   OBUF (Prop_obuf_I_O)         3.765    18.845 r  vga_r_OBUF[3]_inst/O
                         net (fo=0)                   0.000    18.845    vga_r[3]
    A4                                                                r  vga_r[3] (OUT)
  -------------------------------------------------------------------    -------------------

Slack:                    inf
  Source:                 vga_sync_0/y_cnt_reg[8]/C
                            (rising edge-triggered cell FDRE clocked by sys_clk_pin  {rise@0.000ns fall@5.000ns period=10.000ns})
  Destination:            vga_r[1]
                            (output port)
  Path Group:             (none)
  Path Type:              Max at Slow Process Corner
  Data Path Delay:        13.653ns  (logic 5.701ns (41.755%)  route 7.952ns (58.245%))
  Logic Levels:           7  (CARRY4=2 LUT4=2 LUT5=2 OBUF=1)
  Clock Uncertainty:      0.025ns  ((TSJ^2 + TIJ^2)^1/2 + DJ) / 2 + PE
    Total System Jitter     (TSJ):    0.050ns
    Total Input Jitter      (TIJ):    0.000ns
    Discrete Jitter          (DJ):    0.000ns
    Phase Error              (PE):    0.000ns

    Location             Delay type                Incr(ns)  Path(ns)    Netlist Resource(s)
  -------------------------------------------------------------------    -------------------
                         (clock sys_clk_pin rise edge)
                                                      0.000     0.000 r  
    E3                                                0.000     0.000 r  clk (IN)
                         net (fo=0)                   0.000     0.000    clk
    E3                   IBUF (Prop_ibuf_I_O)         1.489     1.489 r  clk_IBUF_inst/O
                         net (fo=1, routed)           1.967     3.455    clk_IBUF
    BUFGCTRL_X0Y16       BUFG (Prop_bufg_I_O)         0.096     3.551 r  clk_IBUF_BUFG_inst/O
                         net (fo=85, routed)          1.624     5.175    vga_sync_0/CLK
    SLICE_X2Y94          FDRE                                         r  vga_sync_0/y_cnt_reg[8]/C
  -------------------------------------------------------------------    -------------------
    SLICE_X2Y94          FDRE (Prop_fdre_C_Q)         0.478     5.653 f  vga_sync_0/y_cnt_reg[8]/Q
                         net (fo=16, routed)          1.173     6.827    vga_sync_0/y_cnt_reg[8]_0[3]
    SLICE_X0Y97          LUT5 (Prop_lut5_I2_O)        0.295     7.122 r  vga_sync_0/vga_r_OBUF[3]_inst_i_2/O
                         net (fo=19, routed)          1.053     8.175    vga_sync_0/video_on1__0
    SLICE_X1Y96          LUT4 (Prop_lut4_I1_O)        0.124     8.299 r  vga_sync_0/i__carry__0_i_5/O
                         net (fo=1, routed)           0.000     8.299    img_gen_0/_inferred__0/i__carry__1_1[3]
    SLICE_X1Y96          CARRY4 (Prop_carry4_S[3]_CO[3])
                                                      0.401     8.700 r  img_gen_0/_inferred__0/i__carry__0/CO[3]
                         net (fo=1, routed)           0.000     8.700    img_gen_0/_inferred__0/i__carry__0_n_0
    SLICE_X1Y97          CARRY4 (Prop_carry4_CI_CO[1])
                                                      0.157     8.857 f  img_gen_0/_inferred__0/i__carry__1/CO[1]
                         net (fo=2, routed)           1.100     9.957    vga_sync_0/vga_b[0]_1[0]
    SLICE_X6Y95          LUT4 (Prop_lut4_I3_O)        0.329    10.286 r  vga_sync_0/vga_r_OBUF[3]_inst_i_4/O
                         net (fo=2, routed)           0.680    10.966    vga_sync_0/vga_r_OBUF[3]_inst_i_4_n_0
    SLICE_X6Y95          LUT5 (Prop_lut5_I3_O)        0.150    11.116 r  vga_sync_0/vga_r_OBUF[3]_inst_i_1/O
                         net (fo=4, routed)           3.946    15.061    vga_r_OBUF[0]
    B4                   OBUF (Prop_obuf_I_O)         3.767    18.828 r  vga_r_OBUF[1]_inst/O
                         net (fo=0)                   0.000    18.828    vga_r[1]
    B4                                                                r  vga_r[1] (OUT)
  -------------------------------------------------------------------    -------------------

Slack:                    inf
  Source:                 vga_sync_0/y_cnt_reg[8]/C
                            (rising edge-triggered cell FDRE clocked by sys_clk_pin  {rise@0.000ns fall@5.000ns period=10.000ns})
  Destination:            vga_g[1]
                            (output port)
  Path Group:             (none)
  Path Type:              Max at Slow Process Corner
  Data Path Delay:        13.116ns  (logic 5.465ns (41.665%)  route 7.651ns (58.335%))
  Logic Levels:           7  (CARRY4=2 LUT4=2 LUT5=2 OBUF=1)
  Clock Uncertainty:      0.025ns  ((TSJ^2 + TIJ^2)^1/2 + DJ) / 2 + PE
    Total System Jitter     (TSJ):    0.050ns
    Total Input Jitter      (TIJ):    0.000ns
    Discrete Jitter          (DJ):    0.000ns
    Phase Error              (PE):    0.000ns

    Location             Delay type                Incr(ns)  Path(ns)    Netlist Resource(s)
  -------------------------------------------------------------------    -------------------
                         (clock sys_clk_pin rise edge)
                                                      0.000     0.000 r  
    E3                                                0.000     0.000 r  clk (IN)
                         net (fo=0)                   0.000     0.000    clk
    E3                   IBUF (Prop_ibuf_I_O)         1.489     1.489 r  clk_IBUF_inst/O
                         net (fo=1, routed)           1.967     3.455    clk_IBUF
    BUFGCTRL_X0Y16       BUFG (Prop_bufg_I_O)         0.096     3.551 r  clk_IBUF_BUFG_inst/O
                         net (fo=85, routed)          1.624     5.175    vga_sync_0/CLK
    SLICE_X2Y94          FDRE                                         r  vga_sync_0/y_cnt_reg[8]/C
  -------------------------------------------------------------------    -------------------
    SLICE_X2Y94          FDRE (Prop_fdre_C_Q)         0.478     5.653 f  vga_sync_0/y_cnt_reg[8]/Q
                         net (fo=16, routed)          1.173     6.827    vga_sync_0/y_cnt_reg[8]_0[3]
    SLICE_X0Y97          LUT5 (Prop_lut5_I2_O)        0.295     7.122 r  vga_sync_0/vga_r_OBUF[3]_inst_i_2/O
                         net (fo=19, routed)          1.053     8.175    vga_sync_0/video_on1__0
    SLICE_X1Y96          LUT4 (Prop_lut4_I1_O)        0.124     8.299 r  vga_sync_0/i__carry__0_i_5/O
                         net (fo=1, routed)           0.000     8.299    img_gen_0/_inferred__0/i__carry__1_1[3]
    SLICE_X1Y96          CARRY4 (Prop_carry4_S[3]_CO[3])
                                                      0.401     8.700 r  img_gen_0/_inferred__0/i__carry__0/CO[3]
                         net (fo=1, routed)           0.000     8.700    img_gen_0/_inferred__0/i__carry__0_n_0
    SLICE_X1Y97          CARRY4 (Prop_carry4_CI_CO[1])
                                                      0.157     8.857 f  img_gen_0/_inferred__0/i__carry__1/CO[1]
                         net (fo=2, routed)           1.100     9.957    vga_sync_0/vga_b[0]_1[0]
    SLICE_X6Y95          LUT4 (Prop_lut4_I3_O)        0.329    10.286 r  vga_sync_0/vga_r_OBUF[3]_inst_i_4/O
                         net (fo=2, routed)           0.680    10.966    vga_sync_0/vga_r_OBUF[3]_inst_i_4_n_0
    SLICE_X6Y95          LUT5 (Prop_lut5_I3_O)        0.124    11.090 r  vga_sync_0/vga_g_OBUF[3]_inst_i_1/O
                         net (fo=4, routed)           3.645    14.734    vga_g_OBUF[0]
    A5                   OBUF (Prop_obuf_I_O)         3.557    18.291 r  vga_g_OBUF[1]_inst/O
                         net (fo=0)                   0.000    18.291    vga_g[1]
    A5                                                                r  vga_g[1] (OUT)
  -------------------------------------------------------------------    -------------------

Slack:                    inf
  Source:                 vga_sync_0/y_cnt_reg[8]/C
                            (rising edge-triggered cell FDRE clocked by sys_clk_pin  {rise@0.000ns fall@5.000ns period=10.000ns})
  Destination:            vga_g[0]
                            (output port)
  Path Group:             (none)
  Path Type:              Max at Slow Process Corner
  Data Path Delay:        13.107ns  (logic 5.454ns (41.611%)  route 7.653ns (58.389%))
  Logic Levels:           7  (CARRY4=2 LUT4=2 LUT5=2 OBUF=1)
  Clock Uncertainty:      0.025ns  ((TSJ^2 + TIJ^2)^1/2 + DJ) / 2 + PE
    Total System Jitter     (TSJ):    0.050ns
    Total Input Jitter      (TIJ):    0.000ns
    Discrete Jitter          (DJ):    0.000ns
    Phase Error              (PE):    0.000ns

    Location             Delay type                Incr(ns)  Path(ns)    Netlist Resource(s)
  -------------------------------------------------------------------    -------------------
                         (clock sys_clk_pin rise edge)
                                                      0.000     0.000 r  
    E3                                                0.000     0.000 r  clk (IN)
                         net (fo=0)                   0.000     0.000    clk
    E3                   IBUF (Prop_ibuf_I_O)         1.489     1.489 r  clk_IBUF_inst/O
                         net (fo=1, routed)           1.967     3.455    clk_IBUF
    BUFGCTRL_X0Y16       BUFG (Prop_bufg_I_O)         0.096     3.551 r  clk_IBUF_BUFG_inst/O
                         net (fo=85, routed)          1.624     5.175    vga_sync_0/CLK
    SLICE_X2Y94          FDRE                                         r  vga_sync_0/y_cnt_reg[8]/C
  -------------------------------------------------------------------    -------------------
    SLICE_X2Y94          FDRE (Prop_fdre_C_Q)         0.478     5.653 f  vga_sync_0/y_cnt_reg[8]/Q
                         net (fo=16, routed)          1.173     6.827    vga_sync_0/y_cnt_reg[8]_0[3]
    SLICE_X0Y97          LUT5 (Prop_lut5_I2_O)        0.295     7.122 r  vga_sync_0/vga_r_OBUF[3]_inst_i_2/O
                         net (fo=19, routed)          1.053     8.175    vga_sync_0/video_on1__0
    SLICE_X1Y96          LUT4 (Prop_lut4_I1_O)        0.124     8.299 r  vga_sync_0/i__carry__0_i_5/O
                         net (fo=1, routed)           0.000     8.299    img_gen_0/_inferred__0/i__carry__1_1[3]
    SLICE_X1Y96          CARRY4 (Prop_carry4_S[3]_CO[3])
                                                      0.401     8.700 r  img_gen_0/_inferred__0/i__carry__0/CO[3]
                         net (fo=1, routed)           0.000     8.700    img_gen_0/_inferred__0/i__carry__0_n_0
    SLICE_X1Y97          CARRY4 (Prop_carry4_CI_CO[1])
                                                      0.157     8.857 f  img_gen_0/_inferred__0/i__carry__1/CO[1]
                         net (fo=2, routed)           1.100     9.957    vga_sync_0/vga_b[0]_1[0]
    SLICE_X6Y95          LUT4 (Prop_lut4_I3_O)        0.329    10.286 r  vga_sync_0/vga_r_OBUF[3]_inst_i_4/O
                         net (fo=2, routed)           0.680    10.966    vga_sync_0/vga_r_OBUF[3]_inst_i_4_n_0
    SLICE_X6Y95          LUT5 (Prop_lut5_I3_O)        0.124    11.090 r  vga_sync_0/vga_g_OBUF[3]_inst_i_1/O
                         net (fo=4, routed)           3.647    14.736    vga_g_OBUF[0]
    C6                   OBUF (Prop_obuf_I_O)         3.546    18.282 r  vga_g_OBUF[0]_inst/O
                         net (fo=0)                   0.000    18.282    vga_g[0]
    C6                                                                r  vga_g[0] (OUT)
  -------------------------------------------------------------------    -------------------

Slack:                    inf
  Source:                 vga_sync_0/y_cnt_reg[8]/C
                            (rising edge-triggered cell FDRE clocked by sys_clk_pin  {rise@0.000ns fall@5.000ns period=10.000ns})
  Destination:            vga_r[2]
                            (output port)
  Path Group:             (none)
  Path Type:              Max at Slow Process Corner
  Data Path Delay:        13.076ns  (logic 5.682ns (43.456%)  route 7.394ns (56.544%))
  Logic Levels:           7  (CARRY4=2 LUT4=2 LUT5=2 OBUF=1)
  Clock Uncertainty:      0.025ns  ((TSJ^2 + TIJ^2)^1/2 + DJ) / 2 + PE
    Total System Jitter     (TSJ):    0.050ns
    Total Input Jitter      (TIJ):    0.000ns
    Discrete Jitter          (DJ):    0.000ns
    Phase Error              (PE):    0.000ns

    Location             Delay type                Incr(ns)  Path(ns)    Netlist Resource(s)
  -------------------------------------------------------------------    -------------------
                         (clock sys_clk_pin rise edge)
                                                      0.000     0.000 r  
    E3                                                0.000     0.000 r  clk (IN)
                         net (fo=0)                   0.000     0.000    clk
    E3                   IBUF (Prop_ibuf_I_O)         1.489     1.489 r  clk_IBUF_inst/O
                         net (fo=1, routed)           1.967     3.455    clk_IBUF
    BUFGCTRL_X0Y16       BUFG (Prop_bufg_I_O)         0.096     3.551 r  clk_IBUF_BUFG_inst/O
                         net (fo=85, routed)          1.624     5.175    vga_sync_0/CLK
    SLICE_X2Y94          FDRE                                         r  vga_sync_0/y_cnt_reg[8]/C
  -------------------------------------------------------------------    -------------------
    SLICE_X2Y94          FDRE (Prop_fdre_C_Q)         0.478     5.653 f  vga_sync_0/y_cnt_reg[8]/Q
                         net (fo=16, routed)          1.173     6.827    vga_sync_0/y_cnt_reg[8]_0[3]
    SLICE_X0Y97          LUT5 (Prop_lut5_I2_O)        0.295     7.122 r  vga_sync_0/vga_r_OBUF[3]_inst_i_2/O
                         net (fo=19, routed)          1.053     8.175    vga_sync_0/video_on1__0
    SLICE_X1Y96          LUT4 (Prop_lut4_I1_O)        0.124     8.299 r  vga_sync_0/i__carry__0_i_5/O
                         net (fo=1, routed)           0.000     8.299    img_gen_0/_inferred__0/i__carry__1_1[3]
    SLICE_X1Y96          CARRY4 (Prop_carry4_S[3]_CO[3])
                                                      0.401     8.700 r  img_gen_0/_inferred__0/i__carry__0/CO[3]
                         net (fo=1, routed)           0.000     8.700    img_gen_0/_inferred__0/i__carry__0_n_0
    SLICE_X1Y97          CARRY4 (Prop_carry4_CI_CO[1])
                                                      0.157     8.857 f  img_gen_0/_inferred__0/i__carry__1/CO[1]
                         net (fo=2, routed)           1.100     9.957    vga_sync_0/vga_b[0]_1[0]
    SLICE_X6Y95          LUT4 (Prop_lut4_I3_O)        0.329    10.286 r  vga_sync_0/vga_r_OBUF[3]_inst_i_4/O
                         net (fo=2, routed)           0.680    10.966    vga_sync_0/vga_r_OBUF[3]_inst_i_4_n_0
    SLICE_X6Y95          LUT5 (Prop_lut5_I3_O)        0.150    11.116 r  vga_sync_0/vga_r_OBUF[3]_inst_i_1/O
                         net (fo=4, routed)           3.387    14.503    vga_r_OBUF[0]
    C5                   OBUF (Prop_obuf_I_O)         3.748    18.251 r  vga_r_OBUF[2]_inst/O
                         net (fo=0)                   0.000    18.251    vga_r[2]
    C5                                                                r  vga_r[2] (OUT)
  -------------------------------------------------------------------    -------------------

Slack:                    inf
  Source:                 vga_sync_0/y_cnt_reg[8]/C
                            (rising edge-triggered cell FDRE clocked by sys_clk_pin  {rise@0.000ns fall@5.000ns period=10.000ns})
  Destination:            vga_g[3]
                            (output port)
  Path Group:             (none)
  Path Type:              Max at Slow Process Corner
  Data Path Delay:        12.978ns  (logic 5.468ns (42.133%)  route 7.510ns (57.867%))
  Logic Levels:           7  (CARRY4=2 LUT4=2 LUT5=2 OBUF=1)
  Clock Uncertainty:      0.025ns  ((TSJ^2 + TIJ^2)^1/2 + DJ) / 2 + PE
    Total System Jitter     (TSJ):    0.050ns
    Total Input Jitter      (TIJ):    0.000ns
    Discrete Jitter          (DJ):    0.000ns
    Phase Error              (PE):    0.000ns

    Location             Delay type                Incr(ns)  Path(ns)    Netlist Resource(s)
  -------------------------------------------------------------------    -------------------
                         (clock sys_clk_pin rise edge)
                                                      0.000     0.000 r  
    E3                                                0.000     0.000 r  clk (IN)
                         net (fo=0)                   0.000     0.000    clk
    E3                   IBUF (Prop_ibuf_I_O)         1.489     1.489 r  clk_IBUF_inst/O
                         net (fo=1, routed)           1.967     3.455    clk_IBUF
    BUFGCTRL_X0Y16       BUFG (Prop_bufg_I_O)         0.096     3.551 r  clk_IBUF_BUFG_inst/O
                         net (fo=85, routed)          1.624     5.175    vga_sync_0/CLK
    SLICE_X2Y94          FDRE                                         r  vga_sync_0/y_cnt_reg[8]/C
  -------------------------------------------------------------------    -------------------
    SLICE_X2Y94          FDRE (Prop_fdre_C_Q)         0.478     5.653 f  vga_sync_0/y_cnt_reg[8]/Q
                         net (fo=16, routed)          1.173     6.827    vga_sync_0/y_cnt_reg[8]_0[3]
    SLICE_X0Y97          LUT5 (Prop_lut5_I2_O)        0.295     7.122 r  vga_sync_0/vga_r_OBUF[3]_inst_i_2/O
                         net (fo=19, routed)          1.053     8.175    vga_sync_0/video_on1__0
    SLICE_X1Y96          LUT4 (Prop_lut4_I1_O)        0.124     8.299 r  vga_sync_0/i__carry__0_i_5/O
                         net (fo=1, routed)           0.000     8.299    img_gen_0/_inferred__0/i__carry__1_1[3]
    SLICE_X1Y96          CARRY4 (Prop_carry4_S[3]_CO[3])
                                                      0.401     8.700 r  img_gen_0/_inferred__0/i__carry__0/CO[3]
                         net (fo=1, routed)           0.000     8.700    img_gen_0/_inferred__0/i__carry__0_n_0
    SLICE_X1Y97          CARRY4 (Prop_carry4_CI_CO[1])
                                                      0.157     8.857 f  img_gen_0/_inferred__0/i__carry__1/CO[1]
                         net (fo=2, routed)           1.100     9.957    vga_sync_0/vga_b[0]_1[0]
    SLICE_X6Y95          LUT4 (Prop_lut4_I3_O)        0.329    10.286 r  vga_sync_0/vga_r_OBUF[3]_inst_i_4/O
                         net (fo=2, routed)           0.680    10.966    vga_sync_0/vga_r_OBUF[3]_inst_i_4_n_0
    SLICE_X6Y95          LUT5 (Prop_lut5_I3_O)        0.124    11.090 r  vga_sync_0/vga_g_OBUF[3]_inst_i_1/O
                         net (fo=4, routed)           3.504    14.594    vga_g_OBUF[0]
    A6                   OBUF (Prop_obuf_I_O)         3.560    18.154 r  vga_g_OBUF[3]_inst/O
                         net (fo=0)                   0.000    18.154    vga_g[3]
    A6                                                                r  vga_g[3] (OUT)
  -------------------------------------------------------------------    -------------------

Slack:                    inf
  Source:                 vga_sync_0/y_cnt_reg[8]/C
                            (rising edge-triggered cell FDRE clocked by sys_clk_pin  {rise@0.000ns fall@5.000ns period=10.000ns})
  Destination:            vga_g[2]
                            (output port)
  Path Group:             (none)
  Path Type:              Max at Slow Process Corner
  Data Path Delay:        12.837ns  (logic 5.467ns (42.590%)  route 7.370ns (57.410%))
  Logic Levels:           7  (CARRY4=2 LUT4=2 LUT5=2 OBUF=1)
  Clock Uncertainty:      0.025ns  ((TSJ^2 + TIJ^2)^1/2 + DJ) / 2 + PE
    Total System Jitter     (TSJ):    0.050ns
    Total Input Jitter      (TIJ):    0.000ns
    Discrete Jitter          (DJ):    0.000ns
    Phase Error              (PE):    0.000ns

    Location             Delay type                Incr(ns)  Path(ns)    Netlist Resource(s)
  -------------------------------------------------------------------    -------------------
                         (clock sys_clk_pin rise edge)
                                                      0.000     0.000 r  
    E3                                                0.000     0.000 r  clk (IN)
                         net (fo=0)                   0.000     0.000    clk
    E3                   IBUF (Prop_ibuf_I_O)         1.489     1.489 r  clk_IBUF_inst/O
                         net (fo=1, routed)           1.967     3.455    clk_IBUF
    BUFGCTRL_X0Y16       BUFG (Prop_bufg_I_O)         0.096     3.551 r  clk_IBUF_BUFG_inst/O
                         net (fo=85, routed)          1.624     5.175    vga_sync_0/CLK
    SLICE_X2Y94          FDRE                                         r  vga_sync_0/y_cnt_reg[8]/C
  -------------------------------------------------------------------    -------------------
    SLICE_X2Y94          FDRE (Prop_fdre_C_Q)         0.478     5.653 f  vga_sync_0/y_cnt_reg[8]/Q
                         net (fo=16, routed)          1.173     6.827    vga_sync_0/y_cnt_reg[8]_0[3]
    SLICE_X0Y97          LUT5 (Prop_lut5_I2_O)        0.295     7.122 r  vga_sync_0/vga_r_OBUF[3]_inst_i_2/O
                         net (fo=19, routed)          1.053     8.175    vga_sync_0/video_on1__0
    SLICE_X1Y96          LUT4 (Prop_lut4_I1_O)        0.124     8.299 r  vga_sync_0/i__carry__0_i_5/O
                         net (fo=1, routed)           0.000     8.299    img_gen_0/_inferred__0/i__carry__1_1[3]
    SLICE_X1Y96          CARRY4 (Prop_carry4_S[3]_CO[3])
                                                      0.401     8.700 r  img_gen_0/_inferred__0/i__carry__0/CO[3]
                         net (fo=1, routed)           0.000     8.700    img_gen_0/_inferred__0/i__carry__0_n_0
    SLICE_X1Y97          CARRY4 (Prop_carry4_CI_CO[1])
                                                      0.157     8.857 f  img_gen_0/_inferred__0/i__carry__1/CO[1]
                         net (fo=2, routed)           1.100     9.957    vga_sync_0/vga_b[0]_1[0]
    SLICE_X6Y95          LUT4 (Prop_lut4_I3_O)        0.329    10.286 r  vga_sync_0/vga_r_OBUF[3]_inst_i_4/O
                         net (fo=2, routed)           0.680    10.966    vga_sync_0/vga_r_OBUF[3]_inst_i_4_n_0
    SLICE_X6Y95          LUT5 (Prop_lut5_I3_O)        0.124    11.090 r  vga_sync_0/vga_g_OBUF[3]_inst_i_1/O
                         net (fo=4, routed)           3.363    14.453    vga_g_OBUF[0]
    B6                   OBUF (Prop_obuf_I_O)         3.559    18.013 r  vga_g_OBUF[2]_inst/O
                         net (fo=0)                   0.000    18.013    vga_g[2]
    B6                                                                r  vga_g[2] (OUT)
  -------------------------------------------------------------------    -------------------

Slack:                    inf
  Source:                 vga_sync_0/y_cnt_reg[8]/C
                            (rising edge-triggered cell FDRE clocked by sys_clk_pin  {rise@0.000ns fall@5.000ns period=10.000ns})
  Destination:            vga_b[2]
                            (output port)
  Path Group:             (none)
  Path Type:              Max at Slow Process Corner
  Data Path Delay:        12.653ns  (logic 5.328ns (42.106%)  route 7.325ns (57.894%))
  Logic Levels:           6  (CARRY4=2 LUT4=1 LUT5=1 LUT6=1 OBUF=1)
  Clock Uncertainty:      0.025ns  ((TSJ^2 + TIJ^2)^1/2 + DJ) / 2 + PE
    Total System Jitter     (TSJ):    0.050ns
    Total Input Jitter      (TIJ):    0.000ns
    Discrete Jitter          (DJ):    0.000ns
    Phase Error              (PE):    0.000ns

    Location             Delay type                Incr(ns)  Path(ns)    Netlist Resource(s)
  -------------------------------------------------------------------    -------------------
                         (clock sys_clk_pin rise edge)
                                                      0.000     0.000 r  
    E3                                                0.000     0.000 r  clk (IN)
                         net (fo=0)                   0.000     0.000    clk
    E3                   IBUF (Prop_ibuf_I_O)         1.489     1.489 r  clk_IBUF_inst/O
                         net (fo=1, routed)           1.967     3.455    clk_IBUF
    BUFGCTRL_X0Y16       BUFG (Prop_bufg_I_O)         0.096     3.551 r  clk_IBUF_BUFG_inst/O
                         net (fo=85, routed)          1.624     5.175    vga_sync_0/CLK
    SLICE_X2Y94          FDRE                                         r  vga_sync_0/y_cnt_reg[8]/C
  -------------------------------------------------------------------    -------------------
    SLICE_X2Y94          FDRE (Prop_fdre_C_Q)         0.478     5.653 f  vga_sync_0/y_cnt_reg[8]/Q
                         net (fo=16, routed)          1.173     6.827    vga_sync_0/y_cnt_reg[8]_0[3]
    SLICE_X0Y97          LUT5 (Prop_lut5_I2_O)        0.295     7.122 r  vga_sync_0/vga_r_OBUF[3]_inst_i_2/O
                         net (fo=19, routed)          1.053     8.175    vga_sync_0/video_on1__0
    SLICE_X1Y96          LUT4 (Prop_lut4_I1_O)        0.124     8.299 r  vga_sync_0/i__carry__0_i_5/O
                         net (fo=1, routed)           0.000     8.299    img_gen_0/_inferred__0/i__carry__1_1[3]
    SLICE_X1Y96          CARRY4 (Prop_carry4_S[3]_CO[3])
                                                      0.401     8.700 r  img_gen_0/_inferred__0/i__carry__0/CO[3]
                         net (fo=1, routed)           0.000     8.700    img_gen_0/_inferred__0/i__carry__0_n_0
    SLICE_X1Y97          CARRY4 (Prop_carry4_CI_CO[1])
                                                      0.157     8.857 r  img_gen_0/_inferred__0/i__carry__1/CO[1]
                         net (fo=2, routed)           1.274    10.130    vga_sync_0/vga_b[0]_1[0]
    SLICE_X6Y95          LUT6 (Prop_lut6_I3_O)        0.329    10.459 r  vga_sync_0/vga_b_OBUF[3]_inst_i_1/O
                         net (fo=6, routed)           3.825    14.285    vga_b_OBUF[0]
    D7                   OBUF (Prop_obuf_I_O)         3.544    17.828 r  vga_b_OBUF[2]_inst/O
                         net (fo=0)                   0.000    17.828    vga_b[2]
    D7                                                                r  vga_b[2] (OUT)
  -------------------------------------------------------------------    -------------------

Slack:                    inf
  Source:                 vga_sync_0/y_cnt_reg[8]/C
                            (rising edge-triggered cell FDRE clocked by sys_clk_pin  {rise@0.000ns fall@5.000ns period=10.000ns})
  Destination:            vga_b[1]
                            (output port)
  Path Group:             (none)
  Path Type:              Max at Slow Process Corner
  Data Path Delay:        12.380ns  (logic 5.342ns (43.152%)  route 7.038ns (56.848%))
  Logic Levels:           6  (CARRY4=2 LUT4=1 LUT5=1 LUT6=1 OBUF=1)
  Clock Uncertainty:      0.025ns  ((TSJ^2 + TIJ^2)^1/2 + DJ) / 2 + PE
    Total System Jitter     (TSJ):    0.050ns
    Total Input Jitter      (TIJ):    0.000ns
    Discrete Jitter          (DJ):    0.000ns
    Phase Error              (PE):    0.000ns

    Location             Delay type                Incr(ns)  Path(ns)    Netlist Resource(s)
  -------------------------------------------------------------------    -------------------
                         (clock sys_clk_pin rise edge)
                                                      0.000     0.000 r  
    E3                                                0.000     0.000 r  clk (IN)
                         net (fo=0)                   0.000     0.000    clk
    E3                   IBUF (Prop_ibuf_I_O)         1.489     1.489 r  clk_IBUF_inst/O
                         net (fo=1, routed)           1.967     3.455    clk_IBUF
    BUFGCTRL_X0Y16       BUFG (Prop_bufg_I_O)         0.096     3.551 r  clk_IBUF_BUFG_inst/O
                         net (fo=85, routed)          1.624     5.175    vga_sync_0/CLK
    SLICE_X2Y94          FDRE                                         r  vga_sync_0/y_cnt_reg[8]/C
  -------------------------------------------------------------------    -------------------
    SLICE_X2Y94          FDRE (Prop_fdre_C_Q)         0.478     5.653 f  vga_sync_0/y_cnt_reg[8]/Q
                         net (fo=16, routed)          1.173     6.827    vga_sync_0/y_cnt_reg[8]_0[3]
    SLICE_X0Y97          LUT5 (Prop_lut5_I2_O)        0.295     7.122 r  vga_sync_0/vga_r_OBUF[3]_inst_i_2/O
                         net (fo=19, routed)          1.053     8.175    vga_sync_0/video_on1__0
    SLICE_X1Y96          LUT4 (Prop_lut4_I1_O)        0.124     8.299 r  vga_sync_0/i__carry__0_i_5/O
                         net (fo=1, routed)           0.000     8.299    img_gen_0/_inferred__0/i__carry__1_1[3]
    SLICE_X1Y96          CARRY4 (Prop_carry4_S[3]_CO[3])
                                                      0.401     8.700 r  img_gen_0/_inferred__0/i__carry__0/CO[3]
                         net (fo=1, routed)           0.000     8.700    img_gen_0/_inferred__0/i__carry__0_n_0
    SLICE_X1Y97          CARRY4 (Prop_carry4_CI_CO[1])
                                                      0.157     8.857 r  img_gen_0/_inferred__0/i__carry__1/CO[1]
                         net (fo=2, routed)           1.274    10.130    vga_sync_0/vga_b[0]_1[0]
    SLICE_X6Y95          LUT6 (Prop_lut6_I3_O)        0.329    10.459 r  vga_sync_0/vga_b_OBUF[3]_inst_i_1/O
                         net (fo=6, routed)           3.538    13.997    vga_b_OBUF[0]
    C7                   OBUF (Prop_obuf_I_O)         3.558    17.556 r  vga_b_OBUF[1]_inst/O
                         net (fo=0)                   0.000    17.556    vga_b[1]
    C7                                                                r  vga_b[1] (OUT)
  -------------------------------------------------------------------    -------------------





Min Delay Paths
--------------------------------------------------------------------------------------
Slack:                    inf
  Source:                 vga_sync_0/x_cnt_reg[8]/C
                            (rising edge-triggered cell FDRE clocked by sys_clk_pin  {rise@0.000ns fall@5.000ns period=10.000ns})
  Destination:            vga_xsync
                            (output port)
  Path Group:             (none)
  Path Type:              Min at Fast Process Corner
  Data Path Delay:        1.970ns  (logic 1.455ns (73.865%)  route 0.515ns (26.135%))
  Logic Levels:           2  (LUT6=1 OBUF=1)
  Clock Uncertainty:      0.025ns  ((TSJ^2 + TIJ^2)^1/2 + DJ) / 2 + PE
    Total System Jitter     (TSJ):    0.050ns
    Total Input Jitter      (TIJ):    0.000ns
    Discrete Jitter          (DJ):    0.000ns
    Phase Error              (PE):    0.000ns

    Location             Delay type                Incr(ns)  Path(ns)    Netlist Resource(s)
  -------------------------------------------------------------------    -------------------
                         (clock sys_clk_pin rise edge)
                                                      0.000     0.000 r  
    E3                                                0.000     0.000 r  clk (IN)
                         net (fo=0)                   0.000     0.000    clk
    E3                   IBUF (Prop_ibuf_I_O)         0.257     0.257 r  clk_IBUF_inst/O
                         net (fo=1, routed)           0.631     0.888    clk_IBUF
    BUFGCTRL_X0Y16       BUFG (Prop_bufg_I_O)         0.026     0.914 r  clk_IBUF_BUFG_inst/O
                         net (fo=85, routed)          0.589     1.502    vga_sync_0/CLK
    SLICE_X7Y93          FDRE                                         r  vga_sync_0/x_cnt_reg[8]/C
  -------------------------------------------------------------------    -------------------
    SLICE_X7Y93          FDRE (Prop_fdre_C_Q)         0.141     1.643 r  vga_sync_0/x_cnt_reg[8]/Q
                         net (fo=22, routed)          0.162     1.806    vga_sync_0/Q[3]
    SLICE_X5Y92          LUT6 (Prop_lut6_I4_O)        0.045     1.851 r  vga_sync_0/vga_xsync_OBUF_inst_i_1/O
                         net (fo=1, routed)           0.353     2.203    vga_xsync_OBUF
    B11                  OBUF (Prop_obuf_I_O)         1.269     3.473 r  vga_xsync_OBUF_inst/O
                         net (fo=0)                   0.000     3.473    vga_xsync
    B11                                                               r  vga_xsync (OUT)
  -------------------------------------------------------------------    -------------------

Slack:                    inf
  Source:                 vga_sync_0/y_cnt_reg[9]/C
                            (rising edge-triggered cell FDRE clocked by sys_clk_pin  {rise@0.000ns fall@5.000ns period=10.000ns})
  Destination:            vga_ysync
                            (output port)
  Path Group:             (none)
  Path Type:              Min at Fast Process Corner
  Data Path Delay:        2.047ns  (logic 1.473ns (71.955%)  route 0.574ns (28.045%))
  Logic Levels:           2  (LUT6=1 OBUF=1)
  Clock Uncertainty:      0.025ns  ((TSJ^2 + TIJ^2)^1/2 + DJ) / 2 + PE
    Total System Jitter     (TSJ):    0.050ns
    Total Input Jitter      (TIJ):    0.000ns
    Discrete Jitter          (DJ):    0.000ns
    Phase Error              (PE):    0.000ns

    Location             Delay type                Incr(ns)  Path(ns)    Netlist Resource(s)
  -------------------------------------------------------------------    -------------------
                         (clock sys_clk_pin rise edge)
                                                      0.000     0.000 r  
    E3                                                0.000     0.000 r  clk (IN)
                         net (fo=0)                   0.000     0.000    clk
    E3                   IBUF (Prop_ibuf_I_O)         0.257     0.257 r  clk_IBUF_inst/O
                         net (fo=1, routed)           0.631     0.888    clk_IBUF
    BUFGCTRL_X0Y16       BUFG (Prop_bufg_I_O)         0.026     0.914 r  clk_IBUF_BUFG_inst/O
                         net (fo=85, routed)          0.591     1.504    vga_sync_0/CLK
    SLICE_X2Y94          FDRE                                         r  vga_sync_0/y_cnt_reg[9]/C
  -------------------------------------------------------------------    -------------------
    SLICE_X2Y94          FDRE (Prop_fdre_C_Q)         0.164     1.668 r  vga_sync_0/y_cnt_reg[9]/Q
                         net (fo=14, routed)          0.169     1.838    vga_sync_0/y_cnt_reg_n_0_[9]
    SLICE_X3Y95          LUT6 (Prop_lut6_I2_O)        0.045     1.883 r  vga_sync_0/vga_ysync_OBUF_inst_i_1/O
                         net (fo=4, routed)           0.405     2.287    vga_ysync_OBUF
    B12                  OBUF (Prop_obuf_I_O)         1.264     3.551 r  vga_ysync_OBUF_inst/O
                         net (fo=0)                   0.000     3.551    vga_ysync
    B12                                                               r  vga_ysync (OUT)
  -------------------------------------------------------------------    -------------------

Slack:                    inf
  Source:                 fsm_0/x_reg_reg[9]/C
                            (rising edge-triggered cell FDCE clocked by sys_clk_pin  {rise@0.000ns fall@5.000ns period=10.000ns})
  Destination:            vga_b[0]
                            (output port)
  Path Group:             (none)
  Path Type:              Min at Fast Process Corner
  Data Path Delay:        3.102ns  (logic 1.687ns (54.393%)  route 1.415ns (45.607%))
  Logic Levels:           4  (CARRY4=1 LUT5=1 LUT6=1 OBUF=1)
  Clock Uncertainty:      0.025ns  ((TSJ^2 + TIJ^2)^1/2 + DJ) / 2 + PE
    Total System Jitter     (TSJ):    0.050ns
    Total Input Jitter      (TIJ):    0.000ns
    Discrete Jitter          (DJ):    0.000ns
    Phase Error              (PE):    0.000ns

    Location             Delay type                Incr(ns)  Path(ns)    Netlist Resource(s)
  -------------------------------------------------------------------    -------------------
                         (clock sys_clk_pin rise edge)
                                                      0.000     0.000 r  
    E3                                                0.000     0.000 r  clk (IN)
                         net (fo=0)                   0.000     0.000    clk
    E3                   IBUF (Prop_ibuf_I_O)         0.257     0.257 r  clk_IBUF_inst/O
                         net (fo=1, routed)           0.631     0.888    clk_IBUF
    BUFGCTRL_X0Y16       BUFG (Prop_bufg_I_O)         0.026     0.914 r  clk_IBUF_BUFG_inst/O
                         net (fo=85, routed)          0.589     1.502    fsm_0/CLK
    SLICE_X6Y93          FDCE                                         r  fsm_0/x_reg_reg[9]/C
  -------------------------------------------------------------------    -------------------
    SLICE_X6Y93          FDCE (Prop_fdce_C_Q)         0.164     1.666 f  fsm_0/x_reg_reg[9]/Q
                         net (fo=8, routed)           0.175     1.841    vga_sync_0/rgb4_carry__0[9]
    SLICE_X4Y94          LUT5 (Prop_lut5_I1_O)        0.048     1.889 r  vga_sync_0/rgb4_carry__0_i_1/O
                         net (fo=1, routed)           0.000     1.889    img_gen_0/vga_r_OBUF[3]_inst_i_4_4[0]
    SLICE_X4Y94          CARRY4 (Prop_carry4_DI[0]_CO[0])
                                                      0.088     1.977 f  img_gen_0/rgb4_carry__0/CO[0]
                         net (fo=2, routed)           0.111     2.088    vga_sync_0/vga_b[0]_0[0]
    SLICE_X6Y95          LUT6 (Prop_lut6_I1_O)        0.126     2.214 r  vga_sync_0/vga_b_OBUF[3]_inst_i_1/O
                         net (fo=6, routed)           1.129     3.343    vga_b_OBUF[0]
    B7                   OBUF (Prop_obuf_I_O)         1.261     4.605 r  vga_b_OBUF[0]_inst/O
                         net (fo=0)                   0.000     4.605    vga_b[0]
    B7                                                                r  vga_b[0] (OUT)
  -------------------------------------------------------------------    -------------------

Slack:                    inf
  Source:                 fsm_0/x_reg_reg[9]/C
                            (rising edge-triggered cell FDCE clocked by sys_clk_pin  {rise@0.000ns fall@5.000ns period=10.000ns})
  Destination:            vga_b[3]
                            (output port)
  Path Group:             (none)
  Path Type:              Min at Fast Process Corner
  Data Path Delay:        3.168ns  (logic 1.685ns (53.183%)  route 1.483ns (46.817%))
  Logic Levels:           4  (CARRY4=1 LUT5=1 LUT6=1 OBUF=1)
  Clock Uncertainty:      0.025ns  ((TSJ^2 + TIJ^2)^1/2 + DJ) / 2 + PE
    Total System Jitter     (TSJ):    0.050ns
    Total Input Jitter      (TIJ):    0.000ns
    Discrete Jitter          (DJ):    0.000ns
    Phase Error              (PE):    0.000ns

    Location             Delay type                Incr(ns)  Path(ns)    Netlist Resource(s)
  -------------------------------------------------------------------    -------------------
                         (clock sys_clk_pin rise edge)
                                                      0.000     0.000 r  
    E3                                                0.000     0.000 r  clk (IN)
                         net (fo=0)                   0.000     0.000    clk
    E3                   IBUF (Prop_ibuf_I_O)         0.257     0.257 r  clk_IBUF_inst/O
                         net (fo=1, routed)           0.631     0.888    clk_IBUF
    BUFGCTRL_X0Y16       BUFG (Prop_bufg_I_O)         0.026     0.914 r  clk_IBUF_BUFG_inst/O
                         net (fo=85, routed)          0.589     1.502    fsm_0/CLK
    SLICE_X6Y93          FDCE                                         r  fsm_0/x_reg_reg[9]/C
  -------------------------------------------------------------------    -------------------
    SLICE_X6Y93          FDCE (Prop_fdce_C_Q)         0.164     1.666 f  fsm_0/x_reg_reg[9]/Q
                         net (fo=8, routed)           0.175     1.841    vga_sync_0/rgb4_carry__0[9]
    SLICE_X4Y94          LUT5 (Prop_lut5_I1_O)        0.048     1.889 r  vga_sync_0/rgb4_carry__0_i_1/O
                         net (fo=1, routed)           0.000     1.889    img_gen_0/vga_r_OBUF[3]_inst_i_4_4[0]
    SLICE_X4Y94          CARRY4 (Prop_carry4_DI[0]_CO[0])
                                                      0.088     1.977 f  img_gen_0/rgb4_carry__0/CO[0]
                         net (fo=2, routed)           0.111     2.088    vga_sync_0/vga_b[0]_0[0]
    SLICE_X6Y95          LUT6 (Prop_lut6_I1_O)        0.126     2.214 r  vga_sync_0/vga_b_OBUF[3]_inst_i_1/O
                         net (fo=6, routed)           1.197     3.411    vga_b_OBUF[0]
    D8                   OBUF (Prop_obuf_I_O)         1.259     4.670 r  vga_b_OBUF[3]_inst/O
                         net (fo=0)                   0.000     4.670    vga_b[3]
    D8                                                                r  vga_b[3] (OUT)
  -------------------------------------------------------------------    -------------------

Slack:                    inf
  Source:                 fsm_0/x_reg_reg[9]/C
                            (rising edge-triggered cell FDCE clocked by sys_clk_pin  {rise@0.000ns fall@5.000ns period=10.000ns})
  Destination:            vga_b[1]
                            (output port)
  Path Group:             (none)
  Path Type:              Min at Fast Process Corner
  Data Path Delay:        3.231ns  (logic 1.685ns (52.149%)  route 1.546ns (47.851%))
  Logic Levels:           4  (CARRY4=1 LUT5=1 LUT6=1 OBUF=1)
  Clock Uncertainty:      0.025ns  ((TSJ^2 + TIJ^2)^1/2 + DJ) / 2 + PE
    Total System Jitter     (TSJ):    0.050ns
    Total Input Jitter      (TIJ):    0.000ns
    Discrete Jitter          (DJ):    0.000ns
    Phase Error              (PE):    0.000ns

    Location             Delay type                Incr(ns)  Path(ns)    Netlist Resource(s)
  -------------------------------------------------------------------    -------------------
                         (clock sys_clk_pin rise edge)
                                                      0.000     0.000 r  
    E3                                                0.000     0.000 r  clk (IN)
                         net (fo=0)                   0.000     0.000    clk
    E3                   IBUF (Prop_ibuf_I_O)         0.257     0.257 r  clk_IBUF_inst/O
                         net (fo=1, routed)           0.631     0.888    clk_IBUF
    BUFGCTRL_X0Y16       BUFG (Prop_bufg_I_O)         0.026     0.914 r  clk_IBUF_BUFG_inst/O
                         net (fo=85, routed)          0.589     1.502    fsm_0/CLK
    SLICE_X6Y93          FDCE                                         r  fsm_0/x_reg_reg[9]/C
  -------------------------------------------------------------------    -------------------
    SLICE_X6Y93          FDCE (Prop_fdce_C_Q)         0.164     1.666 f  fsm_0/x_reg_reg[9]/Q
                         net (fo=8, routed)           0.175     1.841    vga_sync_0/rgb4_carry__0[9]
    SLICE_X4Y94          LUT5 (Prop_lut5_I1_O)        0.048     1.889 r  vga_sync_0/rgb4_carry__0_i_1/O
                         net (fo=1, routed)           0.000     1.889    img_gen_0/vga_r_OBUF[3]_inst_i_4_4[0]
    SLICE_X4Y94          CARRY4 (Prop_carry4_DI[0]_CO[0])
                                                      0.088     1.977 f  img_gen_0/rgb4_carry__0/CO[0]
                         net (fo=2, routed)           0.111     2.088    vga_sync_0/vga_b[0]_0[0]
    SLICE_X6Y95          LUT6 (Prop_lut6_I1_O)        0.126     2.214 r  vga_sync_0/vga_b_OBUF[3]_inst_i_1/O
                         net (fo=6, routed)           1.260     3.474    vga_b_OBUF[0]
    C7                   OBUF (Prop_obuf_I_O)         1.259     4.733 r  vga_b_OBUF[1]_inst/O
                         net (fo=0)                   0.000     4.733    vga_b[1]
    C7                                                                r  vga_b[1] (OUT)
  -------------------------------------------------------------------    -------------------

Slack:                    inf
  Source:                 vga_sync_0/x_cnt_reg[9]/C
                            (rising edge-triggered cell FDRE clocked by sys_clk_pin  {rise@0.000ns fall@5.000ns period=10.000ns})
  Destination:            vga_g[2]
                            (output port)
  Path Group:             (none)
  Path Type:              Min at Fast Process Corner
  Data Path Delay:        3.308ns  (logic 1.491ns (45.071%)  route 1.817ns (54.929%))
  Logic Levels:           3  (LUT3=1 LUT5=1 OBUF=1)
  Clock Uncertainty:      0.025ns  ((TSJ^2 + TIJ^2)^1/2 + DJ) / 2 + PE
    Total System Jitter     (TSJ):    0.050ns
    Total Input Jitter      (TIJ):    0.000ns
    Discrete Jitter          (DJ):    0.000ns
    Phase Error              (PE):    0.000ns

    Location             Delay type                Incr(ns)  Path(ns)    Netlist Resource(s)
  -------------------------------------------------------------------    -------------------
                         (clock sys_clk_pin rise edge)
                                                      0.000     0.000 r  
    E3                                                0.000     0.000 r  clk (IN)
                         net (fo=0)                   0.000     0.000    clk
    E3                   IBUF (Prop_ibuf_I_O)         0.257     0.257 r  clk_IBUF_inst/O
                         net (fo=1, routed)           0.631     0.888    clk_IBUF
    BUFGCTRL_X0Y16       BUFG (Prop_bufg_I_O)         0.026     0.914 r  clk_IBUF_BUFG_inst/O
                         net (fo=85, routed)          0.588     1.501    vga_sync_0/CLK
    SLICE_X7Y92          FDRE                                         r  vga_sync_0/x_cnt_reg[9]/C
  -------------------------------------------------------------------    -------------------
    SLICE_X7Y92          FDRE (Prop_fdre_C_Q)         0.141     1.642 f  vga_sync_0/x_cnt_reg[9]/Q
                         net (fo=24, routed)          0.280     1.922    vga_sync_0/Q[4]
    SLICE_X6Y94          LUT3 (Prop_lut3_I2_O)        0.045     1.967 r  vga_sync_0/vga_r_OBUF[3]_inst_i_3/O
                         net (fo=12, routed)          0.352     2.319    vga_sync_0/video_on10_in
    SLICE_X6Y95          LUT5 (Prop_lut5_I2_O)        0.045     2.364 r  vga_sync_0/vga_g_OBUF[3]_inst_i_1/O
                         net (fo=4, routed)           1.185     3.550    vga_g_OBUF[0]
    B6                   OBUF (Prop_obuf_I_O)         1.260     4.810 r  vga_g_OBUF[2]_inst/O
                         net (fo=0)                   0.000     4.810    vga_g[2]
    B6                                                                r  vga_g[2] (OUT)
  -------------------------------------------------------------------    -------------------

Slack:                    inf
  Source:                 fsm_0/x_reg_reg[9]/C
                            (rising edge-triggered cell FDCE clocked by sys_clk_pin  {rise@0.000ns fall@5.000ns period=10.000ns})
  Destination:            vga_b[2]
                            (output port)
  Path Group:             (none)
  Path Type:              Min at Fast Process Corner
  Data Path Delay:        3.336ns  (logic 1.670ns (50.077%)  route 1.665ns (49.923%))
  Logic Levels:           4  (CARRY4=1 LUT5=1 LUT6=1 OBUF=1)
  Clock Uncertainty:      0.025ns  ((TSJ^2 + TIJ^2)^1/2 + DJ) / 2 + PE
    Total System Jitter     (TSJ):    0.050ns
    Total Input Jitter      (TIJ):    0.000ns
    Discrete Jitter          (DJ):    0.000ns
    Phase Error              (PE):    0.000ns

    Location             Delay type                Incr(ns)  Path(ns)    Netlist Resource(s)
  -------------------------------------------------------------------    -------------------
                         (clock sys_clk_pin rise edge)
                                                      0.000     0.000 r  
    E3                                                0.000     0.000 r  clk (IN)
                         net (fo=0)                   0.000     0.000    clk
    E3                   IBUF (Prop_ibuf_I_O)         0.257     0.257 r  clk_IBUF_inst/O
                         net (fo=1, routed)           0.631     0.888    clk_IBUF
    BUFGCTRL_X0Y16       BUFG (Prop_bufg_I_O)         0.026     0.914 r  clk_IBUF_BUFG_inst/O
                         net (fo=85, routed)          0.589     1.502    fsm_0/CLK
    SLICE_X6Y93          FDCE                                         r  fsm_0/x_reg_reg[9]/C
  -------------------------------------------------------------------    -------------------
    SLICE_X6Y93          FDCE (Prop_fdce_C_Q)         0.164     1.666 f  fsm_0/x_reg_reg[9]/Q
                         net (fo=8, routed)           0.175     1.841    vga_sync_0/rgb4_carry__0[9]
    SLICE_X4Y94          LUT5 (Prop_lut5_I1_O)        0.048     1.889 r  vga_sync_0/rgb4_carry__0_i_1/O
                         net (fo=1, routed)           0.000     1.889    img_gen_0/vga_r_OBUF[3]_inst_i_4_4[0]
    SLICE_X4Y94          CARRY4 (Prop_carry4_DI[0]_CO[0])
                                                      0.088     1.977 f  img_gen_0/rgb4_carry__0/CO[0]
                         net (fo=2, routed)           0.111     2.088    vga_sync_0/vga_b[0]_0[0]
    SLICE_X6Y95          LUT6 (Prop_lut6_I1_O)        0.126     2.214 r  vga_sync_0/vga_b_OBUF[3]_inst_i_1/O
                         net (fo=6, routed)           1.379     3.594    vga_b_OBUF[0]
    D7                   OBUF (Prop_obuf_I_O)         1.244     4.838 r  vga_b_OBUF[2]_inst/O
                         net (fo=0)                   0.000     4.838    vga_b[2]
    D7                                                                r  vga_b[2] (OUT)
  -------------------------------------------------------------------    -------------------

Slack:                    inf
  Source:                 vga_sync_0/x_cnt_reg[9]/C
                            (rising edge-triggered cell FDRE clocked by sys_clk_pin  {rise@0.000ns fall@5.000ns period=10.000ns})
  Destination:            vga_g[3]
                            (output port)
  Path Group:             (none)
  Path Type:              Min at Fast Process Corner
  Data Path Delay:        3.362ns  (logic 1.492ns (44.368%)  route 1.870ns (55.632%))
  Logic Levels:           3  (LUT3=1 LUT5=1 OBUF=1)
  Clock Uncertainty:      0.025ns  ((TSJ^2 + TIJ^2)^1/2 + DJ) / 2 + PE
    Total System Jitter     (TSJ):    0.050ns
    Total Input Jitter      (TIJ):    0.000ns
    Discrete Jitter          (DJ):    0.000ns
    Phase Error              (PE):    0.000ns

    Location             Delay type                Incr(ns)  Path(ns)    Netlist Resource(s)
  -------------------------------------------------------------------    -------------------
                         (clock sys_clk_pin rise edge)
                                                      0.000     0.000 r  
    E3                                                0.000     0.000 r  clk (IN)
                         net (fo=0)                   0.000     0.000    clk
    E3                   IBUF (Prop_ibuf_I_O)         0.257     0.257 r  clk_IBUF_inst/O
                         net (fo=1, routed)           0.631     0.888    clk_IBUF
    BUFGCTRL_X0Y16       BUFG (Prop_bufg_I_O)         0.026     0.914 r  clk_IBUF_BUFG_inst/O
                         net (fo=85, routed)          0.588     1.501    vga_sync_0/CLK
    SLICE_X7Y92          FDRE                                         r  vga_sync_0/x_cnt_reg[9]/C
  -------------------------------------------------------------------    -------------------
    SLICE_X7Y92          FDRE (Prop_fdre_C_Q)         0.141     1.642 f  vga_sync_0/x_cnt_reg[9]/Q
                         net (fo=24, routed)          0.280     1.922    vga_sync_0/Q[4]
    SLICE_X6Y94          LUT3 (Prop_lut3_I2_O)        0.045     1.967 r  vga_sync_0/vga_r_OBUF[3]_inst_i_3/O
                         net (fo=12, routed)          0.352     2.319    vga_sync_0/video_on10_in
    SLICE_X6Y95          LUT5 (Prop_lut5_I2_O)        0.045     2.364 r  vga_sync_0/vga_g_OBUF[3]_inst_i_1/O
                         net (fo=4, routed)           1.239     3.603    vga_g_OBUF[0]
    A6                   OBUF (Prop_obuf_I_O)         1.261     4.864 r  vga_g_OBUF[3]_inst/O
                         net (fo=0)                   0.000     4.864    vga_g[3]
    A6                                                                r  vga_g[3] (OUT)
  -------------------------------------------------------------------    -------------------

Slack:                    inf
  Source:                 vga_sync_0/x_cnt_reg[9]/C
                            (rising edge-triggered cell FDRE clocked by sys_clk_pin  {rise@0.000ns fall@5.000ns period=10.000ns})
  Destination:            vga_r[2]
                            (output port)
  Path Group:             (none)
  Path Type:              Min at Fast Process Corner
  Data Path Delay:        3.368ns  (logic 1.541ns (45.754%)  route 1.827ns (54.246%))
  Logic Levels:           3  (LUT3=1 LUT5=1 OBUF=1)
  Clock Uncertainty:      0.025ns  ((TSJ^2 + TIJ^2)^1/2 + DJ) / 2 + PE
    Total System Jitter     (TSJ):    0.050ns
    Total Input Jitter      (TIJ):    0.000ns
    Discrete Jitter          (DJ):    0.000ns
    Phase Error              (PE):    0.000ns

    Location             Delay type                Incr(ns)  Path(ns)    Netlist Resource(s)
  -------------------------------------------------------------------    -------------------
                         (clock sys_clk_pin rise edge)
                                                      0.000     0.000 r  
    E3                                                0.000     0.000 r  clk (IN)
                         net (fo=0)                   0.000     0.000    clk
    E3                   IBUF (Prop_ibuf_I_O)         0.257     0.257 r  clk_IBUF_inst/O
                         net (fo=1, routed)           0.631     0.888    clk_IBUF
    BUFGCTRL_X0Y16       BUFG (Prop_bufg_I_O)         0.026     0.914 r  clk_IBUF_BUFG_inst/O
                         net (fo=85, routed)          0.588     1.501    vga_sync_0/CLK
    SLICE_X7Y92          FDRE                                         r  vga_sync_0/x_cnt_reg[9]/C
  -------------------------------------------------------------------    -------------------
    SLICE_X7Y92          FDRE (Prop_fdre_C_Q)         0.141     1.642 f  vga_sync_0/x_cnt_reg[9]/Q
                         net (fo=24, routed)          0.280     1.922    vga_sync_0/Q[4]
    SLICE_X6Y94          LUT3 (Prop_lut3_I2_O)        0.045     1.967 r  vga_sync_0/vga_r_OBUF[3]_inst_i_3/O
                         net (fo=12, routed)          0.352     2.319    vga_sync_0/video_on10_in
    SLICE_X6Y95          LUT5 (Prop_lut5_I2_O)        0.044     2.363 r  vga_sync_0/vga_r_OBUF[3]_inst_i_1/O
                         net (fo=4, routed)           1.195     3.559    vga_r_OBUF[0]
    C5                   OBUF (Prop_obuf_I_O)         1.311     4.870 r  vga_r_OBUF[2]_inst/O
                         net (fo=0)                   0.000     4.870    vga_r[2]
    C5                                                                r  vga_r[2] (OUT)
  -------------------------------------------------------------------    -------------------

Slack:                    inf
  Source:                 vga_sync_0/x_cnt_reg[9]/C
                            (rising edge-triggered cell FDRE clocked by sys_clk_pin  {rise@0.000ns fall@5.000ns period=10.000ns})
  Destination:            vga_g[0]
                            (output port)
  Path Group:             (none)
  Path Type:              Min at Fast Process Corner
  Data Path Delay:        3.410ns  (logic 1.478ns (43.334%)  route 1.932ns (56.666%))
  Logic Levels:           3  (LUT3=1 LUT5=1 OBUF=1)
  Clock Uncertainty:      0.025ns  ((TSJ^2 + TIJ^2)^1/2 + DJ) / 2 + PE
    Total System Jitter     (TSJ):    0.050ns
    Total Input Jitter      (TIJ):    0.000ns
    Discrete Jitter          (DJ):    0.000ns
    Phase Error              (PE):    0.000ns

    Location             Delay type                Incr(ns)  Path(ns)    Netlist Resource(s)
  -------------------------------------------------------------------    -------------------
                         (clock sys_clk_pin rise edge)
                                                      0.000     0.000 r  
    E3                                                0.000     0.000 r  clk (IN)
                         net (fo=0)                   0.000     0.000    clk
    E3                   IBUF (Prop_ibuf_I_O)         0.257     0.257 r  clk_IBUF_inst/O
                         net (fo=1, routed)           0.631     0.888    clk_IBUF
    BUFGCTRL_X0Y16       BUFG (Prop_bufg_I_O)         0.026     0.914 r  clk_IBUF_BUFG_inst/O
                         net (fo=85, routed)          0.588     1.501    vga_sync_0/CLK
    SLICE_X7Y92          FDRE                                         r  vga_sync_0/x_cnt_reg[9]/C
  -------------------------------------------------------------------    -------------------
    SLICE_X7Y92          FDRE (Prop_fdre_C_Q)         0.141     1.642 f  vga_sync_0/x_cnt_reg[9]/Q
                         net (fo=24, routed)          0.280     1.922    vga_sync_0/Q[4]
    SLICE_X6Y94          LUT3 (Prop_lut3_I2_O)        0.045     1.967 r  vga_sync_0/vga_r_OBUF[3]_inst_i_3/O
                         net (fo=12, routed)          0.352     2.319    vga_sync_0/video_on10_in
    SLICE_X6Y95          LUT5 (Prop_lut5_I2_O)        0.045     2.364 r  vga_sync_0/vga_g_OBUF[3]_inst_i_1/O
                         net (fo=4, routed)           1.301     3.665    vga_g_OBUF[0]
    C6                   OBUF (Prop_obuf_I_O)         1.247     4.911 r  vga_g_OBUF[0]_inst/O
                         net (fo=0)                   0.000     4.911    vga_g[0]
    C6                                                                r  vga_g[0] (OUT)
  -------------------------------------------------------------------    -------------------





--------------------------------------------------------------------------------------
Path Group:  (none)
From Clock:  
  To Clock:  sys_clk_pin

Max Delay            89 Endpoints
Min Delay            89 Endpoints
--------------------------------------------------------------------------------------


Max Delay Paths
--------------------------------------------------------------------------------------
Slack:                    inf
  Source:                 btnc
                            (input port)
  Destination:            deb_r/clock_0/ce_reg/R
                            (rising edge-triggered cell FDRE clocked by sys_clk_pin  {rise@0.000ns fall@5.000ns period=10.000ns})
  Path Group:             (none)
  Path Type:              Setup (Max at Slow Process Corner)
  Data Path Delay:        5.734ns  (logic 1.470ns (25.645%)  route 4.263ns (74.355%))
  Logic Levels:           1  (IBUF=1)
  Clock Path Skew:        4.808ns (DCD - SCD + CPR)
    Destination Clock Delay (DCD):    4.808ns
    Source Clock Delay      (SCD):    0.000ns
    Clock Pessimism Removal (CPR):    0.000ns
  Clock Uncertainty:      0.025ns  ((TSJ^2 + TIJ^2)^1/2 + DJ) / 2 + PE
    Total System Jitter     (TSJ):    0.050ns
    Total Input Jitter      (TIJ):    0.000ns
    Discrete Jitter          (DJ):    0.000ns
    Phase Error              (PE):    0.000ns

    Location             Delay type                Incr(ns)  Path(ns)    Netlist Resource(s)
  -------------------------------------------------------------------    -------------------
    N17                                               0.000     0.000 r  btnc (IN)
                         net (fo=0)                   0.000     0.000    btnc
    N17                  IBUF (Prop_ibuf_I_O)         1.470     1.470 r  btnc_IBUF_inst/O
                         net (fo=85, routed)          4.263     5.734    deb_r/clock_0/SR[0]
    SLICE_X8Y94          FDRE                                         r  deb_r/clock_0/ce_reg/R
  -------------------------------------------------------------------    -------------------

                         (clock sys_clk_pin rise edge)
                                                      0.000     0.000 r  
    E3                                                0.000     0.000 r  clk (IN)
                         net (fo=0)                   0.000     0.000    clk
    E3                   IBUF (Prop_ibuf_I_O)         1.418     1.418 r  clk_IBUF_inst/O
                         net (fo=1, routed)           1.862     3.280    clk_IBUF
    BUFGCTRL_X0Y16       BUFG (Prop_bufg_I_O)         0.091     3.371 r  clk_IBUF_BUFG_inst/O
                         net (fo=85, routed)          1.437     4.808    deb_r/clock_0/CLK
    SLICE_X8Y94          FDRE                                         r  deb_r/clock_0/ce_reg/C

Slack:                    inf
  Source:                 btnc
                            (input port)
  Destination:            deb_r/clock_0/sig_cnt_reg[0]/R
                            (rising edge-triggered cell FDRE clocked by sys_clk_pin  {rise@0.000ns fall@5.000ns period=10.000ns})
  Path Group:             (none)
  Path Type:              Setup (Max at Slow Process Corner)
  Data Path Delay:        5.734ns  (logic 1.470ns (25.645%)  route 4.263ns (74.355%))
  Logic Levels:           1  (IBUF=1)
  Clock Path Skew:        4.808ns (DCD - SCD + CPR)
    Destination Clock Delay (DCD):    4.808ns
    Source Clock Delay      (SCD):    0.000ns
    Clock Pessimism Removal (CPR):    0.000ns
  Clock Uncertainty:      0.025ns  ((TSJ^2 + TIJ^2)^1/2 + DJ) / 2 + PE
    Total System Jitter     (TSJ):    0.050ns
    Total Input Jitter      (TIJ):    0.000ns
    Discrete Jitter          (DJ):    0.000ns
    Phase Error              (PE):    0.000ns

    Location             Delay type                Incr(ns)  Path(ns)    Netlist Resource(s)
  -------------------------------------------------------------------    -------------------
    N17                                               0.000     0.000 r  btnc (IN)
                         net (fo=0)                   0.000     0.000    btnc
    N17                  IBUF (Prop_ibuf_I_O)         1.470     1.470 r  btnc_IBUF_inst/O
                         net (fo=85, routed)          4.263     5.734    deb_r/clock_0/SR[0]
    SLICE_X8Y94          FDRE                                         r  deb_r/clock_0/sig_cnt_reg[0]/R
  -------------------------------------------------------------------    -------------------

                         (clock sys_clk_pin rise edge)
                                                      0.000     0.000 r  
    E3                                                0.000     0.000 r  clk (IN)
                         net (fo=0)                   0.000     0.000    clk
    E3                   IBUF (Prop_ibuf_I_O)         1.418     1.418 r  clk_IBUF_inst/O
                         net (fo=1, routed)           1.862     3.280    clk_IBUF
    BUFGCTRL_X0Y16       BUFG (Prop_bufg_I_O)         0.091     3.371 r  clk_IBUF_BUFG_inst/O
                         net (fo=85, routed)          1.437     4.808    deb_r/clock_0/CLK
    SLICE_X8Y94          FDRE                                         r  deb_r/clock_0/sig_cnt_reg[0]/C

Slack:                    inf
  Source:                 btnc
                            (input port)
  Destination:            deb_r/debounced_reg/R
                            (rising edge-triggered cell FDRE clocked by sys_clk_pin  {rise@0.000ns fall@5.000ns period=10.000ns})
  Path Group:             (none)
  Path Type:              Setup (Max at Slow Process Corner)
  Data Path Delay:        5.734ns  (logic 1.470ns (25.645%)  route 4.263ns (74.355%))
  Logic Levels:           1  (IBUF=1)
  Clock Path Skew:        4.808ns (DCD - SCD + CPR)
    Destination Clock Delay (DCD):    4.808ns
    Source Clock Delay      (SCD):    0.000ns
    Clock Pessimism Removal (CPR):    0.000ns
  Clock Uncertainty:      0.025ns  ((TSJ^2 + TIJ^2)^1/2 + DJ) / 2 + PE
    Total System Jitter     (TSJ):    0.050ns
    Total Input Jitter      (TIJ):    0.000ns
    Discrete Jitter          (DJ):    0.000ns
    Phase Error              (PE):    0.000ns

    Location             Delay type                Incr(ns)  Path(ns)    Netlist Resource(s)
  -------------------------------------------------------------------    -------------------
    N17                                               0.000     0.000 r  btnc (IN)
                         net (fo=0)                   0.000     0.000    btnc
    N17                  IBUF (Prop_ibuf_I_O)         1.470     1.470 r  btnc_IBUF_inst/O
                         net (fo=85, routed)          4.263     5.734    deb_r/SR[0]
    SLICE_X8Y94          FDRE                                         r  deb_r/debounced_reg/R
  -------------------------------------------------------------------    -------------------

                         (clock sys_clk_pin rise edge)
                                                      0.000     0.000 r  
    E3                                                0.000     0.000 r  clk (IN)
                         net (fo=0)                   0.000     0.000    clk
    E3                   IBUF (Prop_ibuf_I_O)         1.418     1.418 r  clk_IBUF_inst/O
                         net (fo=1, routed)           1.862     3.280    clk_IBUF
    BUFGCTRL_X0Y16       BUFG (Prop_bufg_I_O)         0.091     3.371 r  clk_IBUF_BUFG_inst/O
                         net (fo=85, routed)          1.437     4.808    deb_r/CLK
    SLICE_X8Y94          FDRE                                         r  deb_r/debounced_reg/C

Slack:                    inf
  Source:                 btnc
                            (input port)
  Destination:            vga_sync_0/y_cnt_reg[0]/R
                            (rising edge-triggered cell FDRE clocked by sys_clk_pin  {rise@0.000ns fall@5.000ns period=10.000ns})
  Path Group:             (none)
  Path Type:              Setup (Max at Slow Process Corner)
  Data Path Delay:        5.695ns  (logic 1.470ns (25.819%)  route 4.225ns (74.181%))
  Logic Levels:           1  (IBUF=1)
  Clock Path Skew:        4.877ns (DCD - SCD + CPR)
    Destination Clock Delay (DCD):    4.877ns
    Source Clock Delay      (SCD):    0.000ns
    Clock Pessimism Removal (CPR):    0.000ns
  Clock Uncertainty:      0.025ns  ((TSJ^2 + TIJ^2)^1/2 + DJ) / 2 + PE
    Total System Jitter     (TSJ):    0.050ns
    Total Input Jitter      (TIJ):    0.000ns
    Discrete Jitter          (DJ):    0.000ns
    Phase Error              (PE):    0.000ns

    Location             Delay type                Incr(ns)  Path(ns)    Netlist Resource(s)
  -------------------------------------------------------------------    -------------------
    N17                                               0.000     0.000 r  btnc (IN)
                         net (fo=0)                   0.000     0.000    btnc
    N17                  IBUF (Prop_ibuf_I_O)         1.470     1.470 r  btnc_IBUF_inst/O
                         net (fo=85, routed)          4.225     5.695    vga_sync_0/SR[0]
    SLICE_X0Y95          FDRE                                         r  vga_sync_0/y_cnt_reg[0]/R
  -------------------------------------------------------------------    -------------------

                         (clock sys_clk_pin rise edge)
                                                      0.000     0.000 r  
    E3                                                0.000     0.000 r  clk (IN)
                         net (fo=0)                   0.000     0.000    clk
    E3                   IBUF (Prop_ibuf_I_O)         1.418     1.418 r  clk_IBUF_inst/O
                         net (fo=1, routed)           1.862     3.280    clk_IBUF
    BUFGCTRL_X0Y16       BUFG (Prop_bufg_I_O)         0.091     3.371 r  clk_IBUF_BUFG_inst/O
                         net (fo=85, routed)          1.506     4.877    vga_sync_0/CLK
    SLICE_X0Y95          FDRE                                         r  vga_sync_0/y_cnt_reg[0]/C

Slack:                    inf
  Source:                 btnc
                            (input port)
  Destination:            vga_sync_0/y_cnt_reg[1]/R
                            (rising edge-triggered cell FDRE clocked by sys_clk_pin  {rise@0.000ns fall@5.000ns period=10.000ns})
  Path Group:             (none)
  Path Type:              Setup (Max at Slow Process Corner)
  Data Path Delay:        5.695ns  (logic 1.470ns (25.819%)  route 4.225ns (74.181%))
  Logic Levels:           1  (IBUF=1)
  Clock Path Skew:        4.877ns (DCD - SCD + CPR)
    Destination Clock Delay (DCD):    4.877ns
    Source Clock Delay      (SCD):    0.000ns
    Clock Pessimism Removal (CPR):    0.000ns
  Clock Uncertainty:      0.025ns  ((TSJ^2 + TIJ^2)^1/2 + DJ) / 2 + PE
    Total System Jitter     (TSJ):    0.050ns
    Total Input Jitter      (TIJ):    0.000ns
    Discrete Jitter          (DJ):    0.000ns
    Phase Error              (PE):    0.000ns

    Location             Delay type                Incr(ns)  Path(ns)    Netlist Resource(s)
  -------------------------------------------------------------------    -------------------
    N17                                               0.000     0.000 r  btnc (IN)
                         net (fo=0)                   0.000     0.000    btnc
    N17                  IBUF (Prop_ibuf_I_O)         1.470     1.470 r  btnc_IBUF_inst/O
                         net (fo=85, routed)          4.225     5.695    vga_sync_0/SR[0]
    SLICE_X0Y95          FDRE                                         r  vga_sync_0/y_cnt_reg[1]/R
  -------------------------------------------------------------------    -------------------

                         (clock sys_clk_pin rise edge)
                                                      0.000     0.000 r  
    E3                                                0.000     0.000 r  clk (IN)
                         net (fo=0)                   0.000     0.000    clk
    E3                   IBUF (Prop_ibuf_I_O)         1.418     1.418 r  clk_IBUF_inst/O
                         net (fo=1, routed)           1.862     3.280    clk_IBUF
    BUFGCTRL_X0Y16       BUFG (Prop_bufg_I_O)         0.091     3.371 r  clk_IBUF_BUFG_inst/O
                         net (fo=85, routed)          1.506     4.877    vga_sync_0/CLK
    SLICE_X0Y95          FDRE                                         r  vga_sync_0/y_cnt_reg[1]/C

Slack:                    inf
  Source:                 btnc
                            (input port)
  Destination:            deb_d/shift_reg_reg[0]/R
                            (rising edge-triggered cell FDRE clocked by sys_clk_pin  {rise@0.000ns fall@5.000ns period=10.000ns})
  Path Group:             (none)
  Path Type:              Setup (Max at Slow Process Corner)
  Data Path Delay:        5.691ns  (logic 1.470ns (25.837%)  route 4.221ns (74.163%))
  Logic Levels:           1  (IBUF=1)
  Clock Path Skew:        4.877ns (DCD - SCD + CPR)
    Destination Clock Delay (DCD):    4.877ns
    Source Clock Delay      (SCD):    0.000ns
    Clock Pessimism Removal (CPR):    0.000ns
  Clock Uncertainty:      0.025ns  ((TSJ^2 + TIJ^2)^1/2 + DJ) / 2 + PE
    Total System Jitter     (TSJ):    0.050ns
    Total Input Jitter      (TIJ):    0.000ns
    Discrete Jitter          (DJ):    0.000ns
    Phase Error              (PE):    0.000ns

    Location             Delay type                Incr(ns)  Path(ns)    Netlist Resource(s)
  -------------------------------------------------------------------    -------------------
    N17                                               0.000     0.000 r  btnc (IN)
                         net (fo=0)                   0.000     0.000    btnc
    N17                  IBUF (Prop_ibuf_I_O)         1.470     1.470 r  btnc_IBUF_inst/O
                         net (fo=85, routed)          4.221     5.691    deb_d/SR[0]
    SLICE_X2Y96          FDRE                                         r  deb_d/shift_reg_reg[0]/R
  -------------------------------------------------------------------    -------------------

                         (clock sys_clk_pin rise edge)
                                                      0.000     0.000 r  
    E3                                                0.000     0.000 r  clk (IN)
                         net (fo=0)                   0.000     0.000    clk
    E3                   IBUF (Prop_ibuf_I_O)         1.418     1.418 r  clk_IBUF_inst/O
                         net (fo=1, routed)           1.862     3.280    clk_IBUF
    BUFGCTRL_X0Y16       BUFG (Prop_bufg_I_O)         0.091     3.371 r  clk_IBUF_BUFG_inst/O
                         net (fo=85, routed)          1.506     4.877    deb_d/CLK
    SLICE_X2Y96          FDRE                                         r  deb_d/shift_reg_reg[0]/C

Slack:                    inf
  Source:                 btnc
                            (input port)
  Destination:            deb_d/shift_reg_reg[1]/R
                            (rising edge-triggered cell FDRE clocked by sys_clk_pin  {rise@0.000ns fall@5.000ns period=10.000ns})
  Path Group:             (none)
  Path Type:              Setup (Max at Slow Process Corner)
  Data Path Delay:        5.691ns  (logic 1.470ns (25.837%)  route 4.221ns (74.163%))
  Logic Levels:           1  (IBUF=1)
  Clock Path Skew:        4.877ns (DCD - SCD + CPR)
    Destination Clock Delay (DCD):    4.877ns
    Source Clock Delay      (SCD):    0.000ns
    Clock Pessimism Removal (CPR):    0.000ns
  Clock Uncertainty:      0.025ns  ((TSJ^2 + TIJ^2)^1/2 + DJ) / 2 + PE
    Total System Jitter     (TSJ):    0.050ns
    Total Input Jitter      (TIJ):    0.000ns
    Discrete Jitter          (DJ):    0.000ns
    Phase Error              (PE):    0.000ns

    Location             Delay type                Incr(ns)  Path(ns)    Netlist Resource(s)
  -------------------------------------------------------------------    -------------------
    N17                                               0.000     0.000 r  btnc (IN)
                         net (fo=0)                   0.000     0.000    btnc
    N17                  IBUF (Prop_ibuf_I_O)         1.470     1.470 r  btnc_IBUF_inst/O
                         net (fo=85, routed)          4.221     5.691    deb_d/SR[0]
    SLICE_X3Y96          FDRE                                         r  deb_d/shift_reg_reg[1]/R
  -------------------------------------------------------------------    -------------------

                         (clock sys_clk_pin rise edge)
                                                      0.000     0.000 r  
    E3                                                0.000     0.000 r  clk (IN)
                         net (fo=0)                   0.000     0.000    clk
    E3                   IBUF (Prop_ibuf_I_O)         1.418     1.418 r  clk_IBUF_inst/O
                         net (fo=1, routed)           1.862     3.280    clk_IBUF
    BUFGCTRL_X0Y16       BUFG (Prop_bufg_I_O)         0.091     3.371 r  clk_IBUF_BUFG_inst/O
                         net (fo=85, routed)          1.506     4.877    deb_d/CLK
    SLICE_X3Y96          FDRE                                         r  deb_d/shift_reg_reg[1]/C

Slack:                    inf
  Source:                 btnc
                            (input port)
  Destination:            deb_d/shift_reg_reg[2]/R
                            (rising edge-triggered cell FDRE clocked by sys_clk_pin  {rise@0.000ns fall@5.000ns period=10.000ns})
  Path Group:             (none)
  Path Type:              Setup (Max at Slow Process Corner)
  Data Path Delay:        5.691ns  (logic 1.470ns (25.837%)  route 4.221ns (74.163%))
  Logic Levels:           1  (IBUF=1)
  Clock Path Skew:        4.877ns (DCD - SCD + CPR)
    Destination Clock Delay (DCD):    4.877ns
    Source Clock Delay      (SCD):    0.000ns
    Clock Pessimism Removal (CPR):    0.000ns
  Clock Uncertainty:      0.025ns  ((TSJ^2 + TIJ^2)^1/2 + DJ) / 2 + PE
    Total System Jitter     (TSJ):    0.050ns
    Total Input Jitter      (TIJ):    0.000ns
    Discrete Jitter          (DJ):    0.000ns
    Phase Error              (PE):    0.000ns

    Location             Delay type                Incr(ns)  Path(ns)    Netlist Resource(s)
  -------------------------------------------------------------------    -------------------
    N17                                               0.000     0.000 r  btnc (IN)
                         net (fo=0)                   0.000     0.000    btnc
    N17                  IBUF (Prop_ibuf_I_O)         1.470     1.470 r  btnc_IBUF_inst/O
                         net (fo=85, routed)          4.221     5.691    deb_d/SR[0]
    SLICE_X3Y96          FDRE                                         r  deb_d/shift_reg_reg[2]/R
  -------------------------------------------------------------------    -------------------

                         (clock sys_clk_pin rise edge)
                                                      0.000     0.000 r  
    E3                                                0.000     0.000 r  clk (IN)
                         net (fo=0)                   0.000     0.000    clk
    E3                   IBUF (Prop_ibuf_I_O)         1.418     1.418 r  clk_IBUF_inst/O
                         net (fo=1, routed)           1.862     3.280    clk_IBUF
    BUFGCTRL_X0Y16       BUFG (Prop_bufg_I_O)         0.091     3.371 r  clk_IBUF_BUFG_inst/O
                         net (fo=85, routed)          1.506     4.877    deb_d/CLK
    SLICE_X3Y96          FDRE                                         r  deb_d/shift_reg_reg[2]/C

Slack:                    inf
  Source:                 btnc
                            (input port)
  Destination:            deb_d/shift_reg_reg[3]/R
                            (rising edge-triggered cell FDRE clocked by sys_clk_pin  {rise@0.000ns fall@5.000ns period=10.000ns})
  Path Group:             (none)
  Path Type:              Setup (Max at Slow Process Corner)
  Data Path Delay:        5.691ns  (logic 1.470ns (25.837%)  route 4.221ns (74.163%))
  Logic Levels:           1  (IBUF=1)
  Clock Path Skew:        4.877ns (DCD - SCD + CPR)
    Destination Clock Delay (DCD):    4.877ns
    Source Clock Delay      (SCD):    0.000ns
    Clock Pessimism Removal (CPR):    0.000ns
  Clock Uncertainty:      0.025ns  ((TSJ^2 + TIJ^2)^1/2 + DJ) / 2 + PE
    Total System Jitter     (TSJ):    0.050ns
    Total Input Jitter      (TIJ):    0.000ns
    Discrete Jitter          (DJ):    0.000ns
    Phase Error              (PE):    0.000ns

    Location             Delay type                Incr(ns)  Path(ns)    Netlist Resource(s)
  -------------------------------------------------------------------    -------------------
    N17                                               0.000     0.000 r  btnc (IN)
                         net (fo=0)                   0.000     0.000    btnc
    N17                  IBUF (Prop_ibuf_I_O)         1.470     1.470 r  btnc_IBUF_inst/O
                         net (fo=85, routed)          4.221     5.691    deb_d/SR[0]
    SLICE_X3Y96          FDRE                                         r  deb_d/shift_reg_reg[3]/R
  -------------------------------------------------------------------    -------------------

                         (clock sys_clk_pin rise edge)
                                                      0.000     0.000 r  
    E3                                                0.000     0.000 r  clk (IN)
                         net (fo=0)                   0.000     0.000    clk
    E3                   IBUF (Prop_ibuf_I_O)         1.418     1.418 r  clk_IBUF_inst/O
                         net (fo=1, routed)           1.862     3.280    clk_IBUF
    BUFGCTRL_X0Y16       BUFG (Prop_bufg_I_O)         0.091     3.371 r  clk_IBUF_BUFG_inst/O
                         net (fo=85, routed)          1.506     4.877    deb_d/CLK
    SLICE_X3Y96          FDRE                                         r  deb_d/shift_reg_reg[3]/C

Slack:                    inf
  Source:                 btnc
                            (input port)
  Destination:            deb_d/shift_reg_reg[4]/R
                            (rising edge-triggered cell FDRE clocked by sys_clk_pin  {rise@0.000ns fall@5.000ns period=10.000ns})
  Path Group:             (none)
  Path Type:              Setup (Max at Slow Process Corner)
  Data Path Delay:        5.691ns  (logic 1.470ns (25.837%)  route 4.221ns (74.163%))
  Logic Levels:           1  (IBUF=1)
  Clock Path Skew:        4.877ns (DCD - SCD + CPR)
    Destination Clock Delay (DCD):    4.877ns
    Source Clock Delay      (SCD):    0.000ns
    Clock Pessimism Removal (CPR):    0.000ns
  Clock Uncertainty:      0.025ns  ((TSJ^2 + TIJ^2)^1/2 + DJ) / 2 + PE
    Total System Jitter     (TSJ):    0.050ns
    Total Input Jitter      (TIJ):    0.000ns
    Discrete Jitter          (DJ):    0.000ns
    Phase Error              (PE):    0.000ns

    Location             Delay type                Incr(ns)  Path(ns)    Netlist Resource(s)
  -------------------------------------------------------------------    -------------------
    N17                                               0.000     0.000 r  btnc (IN)
                         net (fo=0)                   0.000     0.000    btnc
    N17                  IBUF (Prop_ibuf_I_O)         1.470     1.470 r  btnc_IBUF_inst/O
                         net (fo=85, routed)          4.221     5.691    deb_d/SR[0]
    SLICE_X3Y96          FDRE                                         r  deb_d/shift_reg_reg[4]/R
  -------------------------------------------------------------------    -------------------

                         (clock sys_clk_pin rise edge)
                                                      0.000     0.000 r  
    E3                                                0.000     0.000 r  clk (IN)
                         net (fo=0)                   0.000     0.000    clk
    E3                   IBUF (Prop_ibuf_I_O)         1.418     1.418 r  clk_IBUF_inst/O
                         net (fo=1, routed)           1.862     3.280    clk_IBUF
    BUFGCTRL_X0Y16       BUFG (Prop_bufg_I_O)         0.091     3.371 r  clk_IBUF_BUFG_inst/O
                         net (fo=85, routed)          1.506     4.877    deb_d/CLK
    SLICE_X3Y96          FDRE                                         r  deb_d/shift_reg_reg[4]/C





Min Delay Paths
--------------------------------------------------------------------------------------
Slack:                    inf
  Source:                 btnl
                            (input port)
  Destination:            deb_l/sync0_reg/D
                            (rising edge-triggered cell FDRE clocked by sys_clk_pin  {rise@0.000ns fall@5.000ns period=10.000ns})
  Path Group:             (none)
  Path Type:              Hold (Min at Fast Process Corner)
  Data Path Delay:        1.216ns  (logic 0.246ns (20.250%)  route 0.970ns (79.750%))
  Logic Levels:           1  (IBUF=1)
  Clock Path Skew:        2.016ns (DCD - SCD - CPR)
    Destination Clock Delay (DCD):    2.016ns
    Source Clock Delay      (SCD):    0.000ns
    Clock Pessimism Removal (CPR):    -0.000ns

    Location             Delay type                Incr(ns)  Path(ns)    Netlist Resource(s)
  -------------------------------------------------------------------    -------------------
    P17                                               0.000     0.000 r  btnl (IN)
                         net (fo=0)                   0.000     0.000    btnl
    P17                  IBUF (Prop_ibuf_I_O)         0.246     0.246 r  btnl_IBUF_inst/O
                         net (fo=1, routed)           0.970     1.216    deb_l/btnl_IBUF
    SLICE_X2Y87          FDRE                                         r  deb_l/sync0_reg/D
  -------------------------------------------------------------------    -------------------

                         (clock sys_clk_pin rise edge)
                                                      0.000     0.000 r  
    E3                                                0.000     0.000 r  clk (IN)
                         net (fo=0)                   0.000     0.000    clk
    E3                   IBUF (Prop_ibuf_I_O)         0.445     0.445 r  clk_IBUF_inst/O
                         net (fo=1, routed)           0.685     1.129    clk_IBUF
    BUFGCTRL_X0Y16       BUFG (Prop_bufg_I_O)         0.029     1.158 r  clk_IBUF_BUFG_inst/O
                         net (fo=85, routed)          0.858     2.016    deb_l/CLK
    SLICE_X2Y87          FDRE                                         r  deb_l/sync0_reg/C

Slack:                    inf
  Source:                 btnd
                            (input port)
  Destination:            deb_d/sync0_reg/D
                            (rising edge-triggered cell FDRE clocked by sys_clk_pin  {rise@0.000ns fall@5.000ns period=10.000ns})
  Path Group:             (none)
  Path Type:              Hold (Min at Fast Process Corner)
  Data Path Delay:        1.239ns  (logic 0.245ns (19.736%)  route 0.995ns (80.264%))
  Logic Levels:           1  (IBUF=1)
  Clock Path Skew:        2.017ns (DCD - SCD - CPR)
    Destination Clock Delay (DCD):    2.017ns
    Source Clock Delay      (SCD):    0.000ns
    Clock Pessimism Removal (CPR):    -0.000ns

    Location             Delay type                Incr(ns)  Path(ns)    Netlist Resource(s)
  -------------------------------------------------------------------    -------------------
    P18                                               0.000     0.000 r  btnd (IN)
                         net (fo=0)                   0.000     0.000    btnd
    P18                  IBUF (Prop_ibuf_I_O)         0.245     0.245 r  btnd_IBUF_inst/O
                         net (fo=1, routed)           0.995     1.239    deb_d/btnd_IBUF
    SLICE_X5Y90          FDRE                                         r  deb_d/sync0_reg/D
  -------------------------------------------------------------------    -------------------

                         (clock sys_clk_pin rise edge)
                                                      0.000     0.000 r  
    E3                                                0.000     0.000 r  clk (IN)
                         net (fo=0)                   0.000     0.000    clk
    E3                   IBUF (Prop_ibuf_I_O)         0.445     0.445 r  clk_IBUF_inst/O
                         net (fo=1, routed)           0.685     1.129    clk_IBUF
    BUFGCTRL_X0Y16       BUFG (Prop_bufg_I_O)         0.029     1.158 r  clk_IBUF_BUFG_inst/O
                         net (fo=85, routed)          0.859     2.017    deb_d/CLK
    SLICE_X5Y90          FDRE                                         r  deb_d/sync0_reg/C

Slack:                    inf
  Source:                 btnr
                            (input port)
  Destination:            deb_r/sync0_reg/D
                            (rising edge-triggered cell FDRE clocked by sys_clk_pin  {rise@0.000ns fall@5.000ns period=10.000ns})
  Path Group:             (none)
  Path Type:              Hold (Min at Fast Process Corner)
  Data Path Delay:        1.273ns  (logic 0.232ns (18.258%)  route 1.041ns (81.742%))
  Logic Levels:           1  (IBUF=1)
  Clock Path Skew:        2.017ns (DCD - SCD - CPR)
    Destination Clock Delay (DCD):    2.017ns
    Source Clock Delay      (SCD):    0.000ns
    Clock Pessimism Removal (CPR):    -0.000ns

    Location             Delay type                Incr(ns)  Path(ns)    Netlist Resource(s)
  -------------------------------------------------------------------    -------------------
    M17                                               0.000     0.000 r  btnr (IN)
                         net (fo=0)                   0.000     0.000    btnr
    M17                  IBUF (Prop_ibuf_I_O)         0.232     0.232 r  btnr_IBUF_inst/O
                         net (fo=1, routed)           1.041     1.273    deb_r/btnr_IBUF
    SLICE_X5Y90          FDRE                                         r  deb_r/sync0_reg/D
  -------------------------------------------------------------------    -------------------

                         (clock sys_clk_pin rise edge)
                                                      0.000     0.000 r  
    E3                                                0.000     0.000 r  clk (IN)
                         net (fo=0)                   0.000     0.000    clk
    E3                   IBUF (Prop_ibuf_I_O)         0.445     0.445 r  clk_IBUF_inst/O
                         net (fo=1, routed)           0.685     1.129    clk_IBUF
    BUFGCTRL_X0Y16       BUFG (Prop_bufg_I_O)         0.029     1.158 r  clk_IBUF_BUFG_inst/O
                         net (fo=85, routed)          0.859     2.017    deb_r/CLK
    SLICE_X5Y90          FDRE                                         r  deb_r/sync0_reg/C

Slack:                    inf
  Source:                 btnu
                            (input port)
  Destination:            deb_u/sync0_reg/D
                            (rising edge-triggered cell FDRE clocked by sys_clk_pin  {rise@0.000ns fall@5.000ns period=10.000ns})
  Path Group:             (none)
  Path Type:              Hold (Min at Fast Process Corner)
  Data Path Delay:        1.302ns  (logic 0.247ns (18.959%)  route 1.056ns (81.041%))
  Logic Levels:           1  (IBUF=1)
  Clock Path Skew:        2.016ns (DCD - SCD - CPR)
    Destination Clock Delay (DCD):    2.016ns
    Source Clock Delay      (SCD):    0.000ns
    Clock Pessimism Removal (CPR):    -0.000ns

    Location             Delay type                Incr(ns)  Path(ns)    Netlist Resource(s)
  -------------------------------------------------------------------    -------------------
    M18                                               0.000     0.000 r  btnu (IN)
                         net (fo=0)                   0.000     0.000    btnu
    M18                  IBUF (Prop_ibuf_I_O)         0.247     0.247 r  btnu_IBUF_inst/O
                         net (fo=1, routed)           1.056     1.302    deb_u/btnu_IBUF
    SLICE_X2Y87          FDRE                                         r  deb_u/sync0_reg/D
  -------------------------------------------------------------------    -------------------

                         (clock sys_clk_pin rise edge)
                                                      0.000     0.000 r  
    E3                                                0.000     0.000 r  clk (IN)
                         net (fo=0)                   0.000     0.000    clk
    E3                   IBUF (Prop_ibuf_I_O)         0.445     0.445 r  clk_IBUF_inst/O
                         net (fo=1, routed)           0.685     1.129    clk_IBUF
    BUFGCTRL_X0Y16       BUFG (Prop_bufg_I_O)         0.029     1.158 r  clk_IBUF_BUFG_inst/O
                         net (fo=85, routed)          0.858     2.016    deb_u/CLK
    SLICE_X2Y87          FDRE                                         r  deb_u/sync0_reg/C

Slack:                    inf
  Source:                 btnc
                            (input port)
  Destination:            deb_l/sync0_reg/R
                            (rising edge-triggered cell FDRE clocked by sys_clk_pin  {rise@0.000ns fall@5.000ns period=10.000ns})
  Path Group:             (none)
  Path Type:              Hold (Min at Fast Process Corner)
  Data Path Delay:        1.447ns  (logic 0.238ns (16.476%)  route 1.208ns (83.524%))
  Logic Levels:           1  (IBUF=1)
  Clock Path Skew:        2.016ns (DCD - SCD - CPR)
    Destination Clock Delay (DCD):    2.016ns
    Source Clock Delay      (SCD):    0.000ns
    Clock Pessimism Removal (CPR):    -0.000ns

    Location             Delay type                Incr(ns)  Path(ns)    Netlist Resource(s)
  -------------------------------------------------------------------    -------------------
    N17                                               0.000     0.000 r  btnc (IN)
                         net (fo=0)                   0.000     0.000    btnc
    N17                  IBUF (Prop_ibuf_I_O)         0.238     0.238 r  btnc_IBUF_inst/O
                         net (fo=85, routed)          1.208     1.447    deb_l/SR[0]
    SLICE_X2Y87          FDRE                                         r  deb_l/sync0_reg/R
  -------------------------------------------------------------------    -------------------

                         (clock sys_clk_pin rise edge)
                                                      0.000     0.000 r  
    E3                                                0.000     0.000 r  clk (IN)
                         net (fo=0)                   0.000     0.000    clk
    E3                   IBUF (Prop_ibuf_I_O)         0.445     0.445 r  clk_IBUF_inst/O
                         net (fo=1, routed)           0.685     1.129    clk_IBUF
    BUFGCTRL_X0Y16       BUFG (Prop_bufg_I_O)         0.029     1.158 r  clk_IBUF_BUFG_inst/O
                         net (fo=85, routed)          0.858     2.016    deb_l/CLK
    SLICE_X2Y87          FDRE                                         r  deb_l/sync0_reg/C

Slack:                    inf
  Source:                 btnc
                            (input port)
  Destination:            deb_l/sync1_reg/R
                            (rising edge-triggered cell FDRE clocked by sys_clk_pin  {rise@0.000ns fall@5.000ns period=10.000ns})
  Path Group:             (none)
  Path Type:              Hold (Min at Fast Process Corner)
  Data Path Delay:        1.447ns  (logic 0.238ns (16.476%)  route 1.208ns (83.524%))
  Logic Levels:           1  (IBUF=1)
  Clock Path Skew:        2.016ns (DCD - SCD - CPR)
    Destination Clock Delay (DCD):    2.016ns
    Source Clock Delay      (SCD):    0.000ns
    Clock Pessimism Removal (CPR):    -0.000ns

    Location             Delay type                Incr(ns)  Path(ns)    Netlist Resource(s)
  -------------------------------------------------------------------    -------------------
    N17                                               0.000     0.000 r  btnc (IN)
                         net (fo=0)                   0.000     0.000    btnc
    N17                  IBUF (Prop_ibuf_I_O)         0.238     0.238 r  btnc_IBUF_inst/O
                         net (fo=85, routed)          1.208     1.447    deb_l/SR[0]
    SLICE_X2Y87          FDRE                                         r  deb_l/sync1_reg/R
  -------------------------------------------------------------------    -------------------

                         (clock sys_clk_pin rise edge)
                                                      0.000     0.000 r  
    E3                                                0.000     0.000 r  clk (IN)
                         net (fo=0)                   0.000     0.000    clk
    E3                   IBUF (Prop_ibuf_I_O)         0.445     0.445 r  clk_IBUF_inst/O
                         net (fo=1, routed)           0.685     1.129    clk_IBUF
    BUFGCTRL_X0Y16       BUFG (Prop_bufg_I_O)         0.029     1.158 r  clk_IBUF_BUFG_inst/O
                         net (fo=85, routed)          0.858     2.016    deb_l/CLK
    SLICE_X2Y87          FDRE                                         r  deb_l/sync1_reg/C

Slack:                    inf
  Source:                 btnc
                            (input port)
  Destination:            deb_u/debounced_reg/R
                            (rising edge-triggered cell FDRE clocked by sys_clk_pin  {rise@0.000ns fall@5.000ns period=10.000ns})
  Path Group:             (none)
  Path Type:              Hold (Min at Fast Process Corner)
  Data Path Delay:        1.447ns  (logic 0.238ns (16.476%)  route 1.208ns (83.524%))
  Logic Levels:           1  (IBUF=1)
  Clock Path Skew:        2.016ns (DCD - SCD - CPR)
    Destination Clock Delay (DCD):    2.016ns
    Source Clock Delay      (SCD):    0.000ns
    Clock Pessimism Removal (CPR):    -0.000ns

    Location             Delay type                Incr(ns)  Path(ns)    Netlist Resource(s)
  -------------------------------------------------------------------    -------------------
    N17                                               0.000     0.000 r  btnc (IN)
                         net (fo=0)                   0.000     0.000    btnc
    N17                  IBUF (Prop_ibuf_I_O)         0.238     0.238 r  btnc_IBUF_inst/O
                         net (fo=85, routed)          1.208     1.447    deb_u/SR[0]
    SLICE_X2Y87          FDRE                                         r  deb_u/debounced_reg/R
  -------------------------------------------------------------------    -------------------

                         (clock sys_clk_pin rise edge)
                                                      0.000     0.000 r  
    E3                                                0.000     0.000 r  clk (IN)
                         net (fo=0)                   0.000     0.000    clk
    E3                   IBUF (Prop_ibuf_I_O)         0.445     0.445 r  clk_IBUF_inst/O
                         net (fo=1, routed)           0.685     1.129    clk_IBUF
    BUFGCTRL_X0Y16       BUFG (Prop_bufg_I_O)         0.029     1.158 r  clk_IBUF_BUFG_inst/O
                         net (fo=85, routed)          0.858     2.016    deb_u/CLK
    SLICE_X2Y87          FDRE                                         r  deb_u/debounced_reg/C

Slack:                    inf
  Source:                 btnc
                            (input port)
  Destination:            deb_u/sync0_reg/R
                            (rising edge-triggered cell FDRE clocked by sys_clk_pin  {rise@0.000ns fall@5.000ns period=10.000ns})
  Path Group:             (none)
  Path Type:              Hold (Min at Fast Process Corner)
  Data Path Delay:        1.447ns  (logic 0.238ns (16.476%)  route 1.208ns (83.524%))
  Logic Levels:           1  (IBUF=1)
  Clock Path Skew:        2.016ns (DCD - SCD - CPR)
    Destination Clock Delay (DCD):    2.016ns
    Source Clock Delay      (SCD):    0.000ns
    Clock Pessimism Removal (CPR):    -0.000ns

    Location             Delay type                Incr(ns)  Path(ns)    Netlist Resource(s)
  -------------------------------------------------------------------    -------------------
    N17                                               0.000     0.000 r  btnc (IN)
                         net (fo=0)                   0.000     0.000    btnc
    N17                  IBUF (Prop_ibuf_I_O)         0.238     0.238 r  btnc_IBUF_inst/O
                         net (fo=85, routed)          1.208     1.447    deb_u/SR[0]
    SLICE_X2Y87          FDRE                                         r  deb_u/sync0_reg/R
  -------------------------------------------------------------------    -------------------

                         (clock sys_clk_pin rise edge)
                                                      0.000     0.000 r  
    E3                                                0.000     0.000 r  clk (IN)
                         net (fo=0)                   0.000     0.000    clk
    E3                   IBUF (Prop_ibuf_I_O)         0.445     0.445 r  clk_IBUF_inst/O
                         net (fo=1, routed)           0.685     1.129    clk_IBUF
    BUFGCTRL_X0Y16       BUFG (Prop_bufg_I_O)         0.029     1.158 r  clk_IBUF_BUFG_inst/O
                         net (fo=85, routed)          0.858     2.016    deb_u/CLK
    SLICE_X2Y87          FDRE                                         r  deb_u/sync0_reg/C

Slack:                    inf
  Source:                 btnc
                            (input port)
  Destination:            deb_u/sync1_reg/R
                            (rising edge-triggered cell FDRE clocked by sys_clk_pin  {rise@0.000ns fall@5.000ns period=10.000ns})
  Path Group:             (none)
  Path Type:              Hold (Min at Fast Process Corner)
  Data Path Delay:        1.447ns  (logic 0.238ns (16.476%)  route 1.208ns (83.524%))
  Logic Levels:           1  (IBUF=1)
  Clock Path Skew:        2.016ns (DCD - SCD - CPR)
    Destination Clock Delay (DCD):    2.016ns
    Source Clock Delay      (SCD):    0.000ns
    Clock Pessimism Removal (CPR):    -0.000ns

    Location             Delay type                Incr(ns)  Path(ns)    Netlist Resource(s)
  -------------------------------------------------------------------    -------------------
    N17                                               0.000     0.000 r  btnc (IN)
                         net (fo=0)                   0.000     0.000    btnc
    N17                  IBUF (Prop_ibuf_I_O)         0.238     0.238 r  btnc_IBUF_inst/O
                         net (fo=85, routed)          1.208     1.447    deb_u/SR[0]
    SLICE_X2Y87          FDRE                                         r  deb_u/sync1_reg/R
  -------------------------------------------------------------------    -------------------

                         (clock sys_clk_pin rise edge)
                                                      0.000     0.000 r  
    E3                                                0.000     0.000 r  clk (IN)
                         net (fo=0)                   0.000     0.000    clk
    E3                   IBUF (Prop_ibuf_I_O)         0.445     0.445 r  clk_IBUF_inst/O
                         net (fo=1, routed)           0.685     1.129    clk_IBUF
    BUFGCTRL_X0Y16       BUFG (Prop_bufg_I_O)         0.029     1.158 r  clk_IBUF_BUFG_inst/O
                         net (fo=85, routed)          0.858     2.016    deb_u/CLK
    SLICE_X2Y87          FDRE                                         r  deb_u/sync1_reg/C

Slack:                    inf
  Source:                 btnc
                            (input port)
  Destination:            deb_u/shift_reg_reg[0]/R
                            (rising edge-triggered cell FDRE clocked by sys_clk_pin  {rise@0.000ns fall@5.000ns period=10.000ns})
  Path Group:             (none)
  Path Type:              Hold (Min at Fast Process Corner)
  Data Path Delay:        1.447ns  (logic 0.238ns (16.467%)  route 1.209ns (83.533%))
  Logic Levels:           1  (IBUF=1)
  Clock Path Skew:        2.018ns (DCD - SCD - CPR)
    Destination Clock Delay (DCD):    2.018ns
    Source Clock Delay      (SCD):    0.000ns
    Clock Pessimism Removal (CPR):    -0.000ns

    Location             Delay type                Incr(ns)  Path(ns)    Netlist Resource(s)
  -------------------------------------------------------------------    -------------------
    N17                                               0.000     0.000 r  btnc (IN)
                         net (fo=0)                   0.000     0.000    btnc
    N17                  IBUF (Prop_ibuf_I_O)         0.238     0.238 r  btnc_IBUF_inst/O
                         net (fo=85, routed)          1.209     1.447    deb_u/SR[0]
    SLICE_X3Y88          FDRE                                         r  deb_u/shift_reg_reg[0]/R
  -------------------------------------------------------------------    -------------------

                         (clock sys_clk_pin rise edge)
                                                      0.000     0.000 r  
    E3                                                0.000     0.000 r  clk (IN)
                         net (fo=0)                   0.000     0.000    clk
    E3                   IBUF (Prop_ibuf_I_O)         0.445     0.445 r  clk_IBUF_inst/O
                         net (fo=1, routed)           0.685     1.129    clk_IBUF
    BUFGCTRL_X0Y16       BUFG (Prop_bufg_I_O)         0.029     1.158 r  clk_IBUF_BUFG_inst/O
                         net (fo=85, routed)          0.860     2.018    deb_u/CLK
    SLICE_X3Y88          FDRE                                         r  deb_u/shift_reg_reg[0]/C





